rank,artist_names,track_name,streams,week_date,artist_type
1,Bruno Mars,Risk It All,899686,2026-04-30,International
2,"Justin Bieber, Nicki Minaj",Beauty And A Beat,862609,2026-04-30,International
3,Piche Kota,Bahagia Lagi,621306,2026-04-30,International
4,Nadhif Basalamah,kota ini tak sama tanpamu,525236,2026-04-30,International
5,Sal Priadi,Ada titik-titik di ujung doa,484944,2026-04-30,International
6,Adira Suhaimi,Sayang Orang Sama,479323,2026-04-30,Local
7,Ifan Seventeen,Jangan Paksa Rindu - Beda,465520,2026-04-30,International
8,Nadhif Basalamah,bergema sampai selamanya,453177,2026-04-30,International
9,Justin Bieber,That Should Be Me,443421,2026-04-30,International
10,Katy Perry,The One That Got Away,419291,2026-04-30,International
11,Nuca,"Masa ini, Nanti, dan Masa Indah Lainnya",418722,2026-04-30,International
12,Mojo,Romancinta,417706,2026-04-30,International
13,BTS,SWIM,397593,2026-04-30,International
14,Olivia Rodrigo,drop dead,393871,2026-04-30,International
15,"Sean Kingston, Justin Bieber",Eenie Meenie,388782,2026-04-30,International
16,"Justin Bieber, Ludacris",Baby,377155,2026-04-30,International
17,Justin Bieber,DAISIES,352858,2026-04-30,International
18,Idgitaf,Sedia Aku Sebelum Hujan,335512,2026-04-30,International
19,CORTIS,REDRED,332687,2026-04-30,International
20,sombr,back to friends,331035,2026-04-30,International
21,Justin Bieber,Favorite Girl,328444,2026-04-30,International
22,"Justin Bieber, Chance the Rapper",Confident,327906,2026-04-30,International
23,Justin Bieber,Love Yourself,327164,2026-04-30,International
24,Billie Eilish,WILDFLOWER,312988,2026-04-30,International
25,SIENNA SPIRO,Die On This Hill,311657,2026-04-30,International
26,"dia, INDAHKUS",MALU MALU,307188,2026-04-30,International
27,Justin Bieber,Ghost,299603,2026-04-30,International
28,Ravyn Lenae,Love Me Not,298661,2026-04-30,International
29,"Lady Gaga, Bruno Mars",Die With A Smile,296379,2026-04-30,International
30,Nadhif Basalamah,penjaga hati,295517,2026-04-30,International
31,Taylor Swift,The Fate of Ophelia,294180,2026-04-30,International
32,Justin Bieber,Sorry,289211,2026-04-30,International
33,"Tame Impala, JENNIE",Dracula - JENNIE Remix,288703,2026-04-30,International
34,Raim Laode,Iqro',288476,2026-04-30,International
35,Justin Bieber,One Less Lonely Girl,287483,2026-04-30,International
36,"Fourtwnty, Charita Utami",Mangu,287352,2026-04-30,International
37,Dominic Fike,Babydoll,284340,2026-04-30,International
38,"Dave, Tems",Raindance (feat. Tems),281905,2026-04-30,International
39,Billie Eilish,BIRDS OF A FEATHER,275877,2026-04-30,International
40,"The Kid LAROI, Justin Bieber",STAY (with Justin Bieber),272304,2026-04-30,International
41,Alpha,P Ramlee Saloma,260175,2026-04-30,International
42,Djo,End of Beginning,259495,2026-04-30,International
43,Daniel Caesar,Who Knows,256996,2026-04-30,International
44,"PinkPantheress, Zara Larsson",Stateside + Zara Larsson,256676,2026-04-30,International
45,Hyper Act,Hanya Aku,253471,2026-04-30,Local
46,Hafiz Suip,Bahagiamu Deritaku,251229,2026-04-30,Local
47,The Script,The Man Who Can't Be Moved,246311,2026-04-30,International
48,Naykilla,SO ASU,244446,2026-04-30,International
49,Bruno Mars,Locked out of Heaven,241793,2026-04-30,International
50,Olivia Dean,So Easy (To Fall In Love),240852,2026-04-30,International
51,"Justin Bieber, Jaden",Never Say Never,238083,2026-04-30,International
52,Alyah,Sesal Separuh Nyawa,236352,2026-04-30,Local
53,"Nadhif Basalamah, Aziz Harun, Aisha Retno",kota ini tak sama tanpamu (with Aziz Harun & Aisha Retno),232708,2026-04-30,Local
54,"Charlie Puth, Selena Gomez",We Don't Talk Anymore (feat. Selena Gomez),224072,2026-04-30,International
55,Bruno Mars,It Will Rain,223061,2026-04-30,International
56,"DJ Snake, Justin Bieber",Let Me Love You,221948,2026-04-30,International
57,Aisha Retno,Jodoh Lebaran,215390,2026-04-30,Local
58,One Direction,Night Changes,212376,2026-04-30,International
59,Bruno Mars,Talking to the Moon,211213,2026-04-30,International
60,"Silet Open Up, Jacson Seran, Juan Reza, Diva Aurel",TABOLA BALE,210885,2026-04-30,International
61,Anggis Devaki,Dirimu Yang Dulu,210703,2026-04-30,International
62,Insomniacks,Pulang,208976,2026-04-30,Local
63,Rahmat,Siapa Di Hatimu,208792,2026-04-30,International
64,"The Weeknd, JENNIE, Lily-Rose Depp","One Of The Girls (with JENNIE, Lily Rose Depp)",208227,2026-04-30,International
65,Justin Bieber,One Time,207059,2026-04-30,International
66,"Maroon 5, Wiz Khalifa",Payphone,203966,2026-04-30,International
67,Bruno Mars,When I Was Your Man,201570,2026-04-30,International
68,Bruno Mars,Just the Way You Are,200093,2026-04-30,International
69,Bruno Mars,That's What I Like,198033,2026-04-30,International
70,Ariana Grande,we can't be friends (wait for your love),197508,2026-04-30,International
71,JENNIE,like JENNIE,197236,2026-04-30,International
72,BTS,Body to Body,195865,2026-04-30,International
73,"Tenxi, Suisei, Jemsii",mejikuhibiniu,195814,2026-04-30,International
74,The Lantis,Bunga Maaf,194524,2026-04-30,International
75,BTS,2,192350,2026-04-30,International
76,Hearts2Hearts,RUDE!,189199,2026-04-30,International
77,D’MASIV,Cinta Ini Membunuhku,188301,2026-04-30,International
78,ALYPH,Ingat,188129,2026-04-30,Local
79,Gigi Perez,Sailor Song,187012,2026-04-30,International
80,Ara Johari,Menjaga Jodoh Orang Lain,186524,2026-04-30,Local
81,Malcolm Todd,Earrings,186051,2026-04-30,International
82,Insomniacks,Sempurna,184969,2026-04-30,Local
83,Raim Laode,Lesung Pipi,183240,2026-04-30,International
84,BTS,Hooligan,182445,2026-04-30,International
85,KATSEYE,Gabriela,181882,2026-04-30,International
86,Pamungkas,Monolog,179811,2026-04-30,International
87,Arctic Monkeys,I Wanna Be Yours,177428,2026-04-30,International
88,Mega,Sekuntum Bunga Sakura Di Gurun Sahara,175596,2026-04-30,International
89,Sufian Suhaimi,Di Matamu,174321,2026-04-30,Local
90,Raim Laode,Bersenja Gurau,174159,2026-04-30,International
91,Charlie Puth,Attention,173666,2026-04-30,International
92,Batas Senja,Nanti Kita Seperti Ini,172832,2026-04-30,International
93,Insomniacks,Reminisensi,172406,2026-04-30,Local
94,Shawn Mendes,Treat You Better,172378,2026-04-30,International
95,Sabrina Carpenter,Manchild,172107,2026-04-30,International
96,Hyper Act,Takkan Pergi,170289,2026-04-30,Local
97,Spring,Bourgenvilla,170058,2026-04-30,International
98,SAMSONS,Kenangan Terindah,169135,2026-04-30,International
99,Michael Jackson,Billie Jean,168894,2026-04-30,International
100,"HUNTR/X, EJAE, AUDREY NUNA, REI AMI, KPop Demon Hunters Cast",Golden,168448,2026-04-30,International
101,Lyodra,Pesan Terakhir,168316,2026-04-30,International
102,Nadin Amizah,Di Akhir Perang,168121,2026-04-30,International
103,Sofaz,Dan Bila Esok,166802,2026-04-30,Local
104,Nadin Amizah,Rayuan Perempuan Gila,166707,2026-04-30,International
105,Bruno Mars,Versace on the Floor,166034,2026-04-30,International
106,Budak Kacamata,Bintang,164810,2026-04-30,Local
107,Madison Beer,bittersweet,164623,2026-04-30,International
108,"Tenxi, Naykilla, Jemsii",Garam & Madu (Sakit Dadaku),163846,2026-04-30,International
109,Hindia,Rumah Ke Rumah,163381,2026-04-30,International
110,Hazama,Relakan Jiwa,163370,2026-04-30,Local
111,d4vd,Here With Me,162505,2026-04-30,International
112,Backstreet Boys,Shape of My Heart,160282,2026-04-30,International
113,Natasya Sabella,Menerima Luka,160029,2026-04-30,Local
114,Cakra Khan,Kekasih Bayangan,159970,2026-04-30,International
115,She & Him,I Thought I Saw Your Face Today,159961,2026-04-30,International
116,The Marías,No One Noticed,159315,2026-04-30,International
117,Andmesh,Anugerah Terindah,158832,2026-04-30,International
118,Luqman Faiz,Kepuraanmu,158581,2026-04-30,Local
119,"dia, Tenxi",SENCY,158275,2026-04-30,International
120,"The Weeknd, Daft Punk",Starboy,157391,2026-04-30,International
121,Drama Band,Biarkanlah,156047,2026-04-30,Local
122,Lana Del Rey,Cinnamon Girl,155418,2026-04-30,International
123,Hindia,everything u are,155097,2026-04-30,International
124,"Jung Kook, Latto",Seven (feat. Latto) (Explicit Ver.),154864,2026-04-30,International
125,Sheila On 7,Dan...,154794,2026-04-30,International
126,Iklim,Bukan Ku Tak Sudi,154603,2026-04-30,Local
127,SZA,Nobody Gets Me,153238,2026-04-30,International
128,Mahalini,Bawa Dia Kembali,153223,2026-04-30,International
129,SZA,Snooze,152764,2026-04-30,International
130,Justin Bieber,What Do You Mean?,152297,2026-04-30,International
131,BTS,NORMAL,151967,2026-04-30,International
132,KATSEYE,PINKY UP,151170,2026-04-30,International
133,New West,Those Eyes,150971,2026-04-30,International
134,The Weeknd,Die For You,150201,2026-04-30,International
135,"Feby Putri, Fiersa Besari",Runtuh,149964,2026-04-30,International
136,The 1975,About You,149362,2026-04-30,International
137,The Goo Goo Dolls,Iris,148365,2026-04-30,International
138,"Zizan Razak, Kaka Azraff",Bawaku Pergi,148010,2026-04-30,Local
139,6ixth Sense,Tanpa,147814,2026-04-30,Local
140,Olivia Rodrigo,traitor,147798,2026-04-30,International
141,"Naykilla, Tenxi, Jemsii",Kasih Aba Aba,146461,2026-04-30,International
142,Fabio Asher,Rumah Singgah,145334,2026-04-30,International
143,"Akbar Chalay, Zynakal, ciloqciliq",Ngga Dulu,145325,2026-04-30,Local
144,Seventeen,Untuk Mencintaimu,144647,2026-04-30,International
145,"Suara Kayu, Feby Putri",Kembali Pulang,144440,2026-04-30,International
146,"B.o.B, Bruno Mars",Nothin' on You (feat. Bruno Mars),144212,2026-04-30,International
147,Exists,Alasanmu,144202,2026-04-30,Local
148,Ed Sheeran,Perfect,144109,2026-04-30,International
149,Noah,Separuh Aku,143868,2026-04-30,International
150,Bruno Mars,I Just Might,143850,2026-04-30,International
151,Taylor Swift,Opalite,143808,2026-04-30,International
152,Ariana Grande,One Last Time,143764,2026-04-30,International
153,"ROSÉ, Bruno Mars",APT.,143645,2026-04-30,International
154,Anuar Zain,Sedetik Lebih,143619,2026-04-30,Local
155,"Tenxi, Jemsii",Bintang 5,143414,2026-04-30,International
156,ROSÉ,number one girl,143411,2026-04-30,International
157,Judika,Aku Yang Tersakiti,143175,2026-04-30,International
158,For Revenge,Serana,143093,2026-04-30,International
159,Daniel Caesar,Always,142721,2026-04-30,International
160,Jin,Don’t Say You Love Me,142438,2026-04-30,International
161,Black,Sofea Jane,142271,2026-04-30,International
162,James Arthur,Car's Outside,141129,2026-04-30,International
163,"The Chainsmokers, Halsey",Closer,141040,2026-04-30,International
164,"Daniel Caesar, H.E.R.",Best Part (feat. H.E.R.),140730,2026-04-30,International
165,Hyper Act,Harapan,140569,2026-04-30,Local
166,Batas Senja,Kita Usahakan Lagi,139991,2026-04-30,International
167,Taylor Swift,Blank Space,139577,2026-04-30,International
168,Noh Salleh,Rahsia Tuhan,139436,2026-04-30,Local
169,Naufal Syachreza,SUPER EKSIS,139230,2026-04-30,International
170,Budi Doremi,Tak Kan Hilang,139061,2026-04-30,International
171,Gracie Abrams,That’s So True,138862,2026-04-30,International
172,BTS,FYA,138819,2026-04-30,International
173,Ed Sheeran,Photograph,138641,2026-04-30,International
174,Anuar Zain,Andainya Takdir,138517,2026-04-30,Local
175,Sufian Suhaimi,Terakhir,138119,2026-04-30,Local
176,Cherpen,Pasti,137366,2026-04-30,Local
177,"Zynakal, Zamir Harith, Mojack Hafiz, Bel Janni",Dalam Diam,137324,2026-04-30,Local
178,Cigarettes After Sex,Cry,136884,2026-04-30,International
179,Kerispatih,Tapi Bukan Aku,136847,2026-04-30,International
180,IamNeeta,Sakit,136503,2026-04-30,Local
181,Joji,SLOW DANCING IN THE DARK,136037,2026-04-30,International
182,Dhruv,double take,136013,2026-04-30,International
183,Olivia Rodrigo,happier,135955,2026-04-30,International
184,"Ariana Grande, Justin Bieber",Stuck with U (with Justin Bieber),135613,2026-04-30,International
185,BTS,they don’t know ’bout us,135599,2026-04-30,International
186,Ezad Lazim,Demi Cinta,134939,2026-04-30,Local
187,Ruth B.,Dandelions,134827,2026-04-30,International
188,Spoon,Memori Sekuntum Rindu,134717,2026-04-30,International
189,"马也_Crabbit, Cole先生",海屿你,134704,2026-04-30,International
190,Henry Moodie,drunk text,134585,2026-04-30,International
191,Justin Timberlake,Mirrors,134565,2026-04-30,International
192,BTS,Like Animals,134236,2026-04-30,International
193,Lauv,I Like Me Better,133921,2026-04-30,International
194,Raim Laode,Komang,133833,2026-04-30,International
195,Afgan,Jodoh Pasti Bertemu,133514,2026-04-30,International
196,Exists,Dirantai Digelangi Rindu,133366,2026-04-30,Local
197,Rombongan Bodonk Koplo,Kasih Tau Mama (Malam Minggu),132832,2026-04-30,International
198,Joji,Glimpse of Us,132818,2026-04-30,International
199,Slam,Tak Mungkin Berpaling,132729,2026-04-30,Local
200,"Rombongan Bodonk Koplo, Ncum",Calon Mantu Idaman (feat. Ncum),132650,2026-04-30,International
1,"Justin Bieber, Nicki Minaj",Beauty And A Beat,999360,2026-04-23,
2,Bruno Mars,Risk It All,986405,2026-04-23,
3,Piche Kota,Bahagia Lagi,640447,2026-04-23,
4,"Sean Kingston, Justin Bieber",Eenie Meenie,574970,2026-04-23,
5,Nadhif Basalamah,kota ini tak sama tanpamu,568299,2026-04-23,
6,Justin Bieber,That Should Be Me,563567,2026-04-23,
7,"Justin Bieber, Ludacris",Baby,561269,2026-04-23,
8,Sal Priadi,Ada titik-titik di ujung doa,516399,2026-04-23,
9,Adira Suhaimi,Sayang Orang Sama,495054,2026-04-23,
10,Nadhif Basalamah,bergema sampai selamanya,461639,2026-04-23,
11,Justin Bieber,Love Yourself,456760,2026-04-23,
12,Mojo,Romancinta,454092,2026-04-23,
13,BTS,SWIM,442812,2026-04-23,
14,Justin Bieber,DAISIES,436370,2026-04-23,
15,Nuca,"Masa ini, Nanti, dan Masa Indah Lainnya",431776,2026-04-23,
16,"Justin Bieber, Chance the Rapper",Confident,413925,2026-04-23,
17,Katy Perry,The One That Got Away,412852,2026-04-23,
18,Justin Bieber,Favorite Girl,411028,2026-04-23,
19,Justin Bieber,Sorry,395713,2026-04-23,
20,Ifan Seventeen,Jangan Paksa Rindu - Beda,383408,2026-04-23,
21,Idgitaf,Sedia Aku Sebelum Hujan,379299,2026-04-23,
22,Justin Bieber,Ghost,377791,2026-04-23,
23,sombr,back to friends,368731,2026-04-23,
24,Olivia Rodrigo,drop dead,361941,2026-04-23,
25,Aisha Retno,Jodoh Lebaran,348005,2026-04-23,
26,"The Kid LAROI, Justin Bieber",STAY (with Justin Bieber),340943,2026-04-23,
27,Billie Eilish,WILDFLOWER,320240,2026-04-23,
28,"Justin Bieber, Jaden",Never Say Never,317790,2026-04-23,
29,SIENNA SPIRO,Die On This Hill,313047,2026-04-23,
30,"Tame Impala, JENNIE",Dracula - JENNIE Remix,311043,2026-04-23,
31,"dia, INDAHKUS",MALU MALU,303487,2026-04-23,
32,Taylor Swift,The Fate of Ophelia,299137,2026-04-23,
33,Nadhif Basalamah,penjaga hati,291940,2026-04-23,
34,Hyper Act,Hanya Aku,291781,2026-04-23,
35,Dominic Fike,Babydoll,289979,2026-04-23,
36,Ravyn Lenae,Love Me Not,288952,2026-04-23,
37,"Lady Gaga, Bruno Mars",Die With A Smile,288290,2026-04-23,
38,"DJ Snake, Justin Bieber",Let Me Love You,286100,2026-04-23,
39,"Dave, Tems",Raindance (feat. Tems),286072,2026-04-23,
40,Billie Eilish,BIRDS OF A FEATHER,282207,2026-04-23,
41,Bruno Mars,It Will Rain,282126,2026-04-23,
42,Daniel Caesar,Who Knows,278780,2026-04-23,
43,"Fourtwnty, Charita Utami",Mangu,276421,2026-04-23,
44,Justin Bieber,One Time,273045,2026-04-23,
45,The Script,The Man Who Can't Be Moved,273032,2026-04-23,
46,"PinkPantheress, Zara Larsson",Stateside + Zara Larsson,272987,2026-04-23,
47,Djo,End of Beginning,269925,2026-04-23,
48,Bruno Mars,Locked out of Heaven,268852,2026-04-23,
49,Alpha,P Ramlee Saloma,265342,2026-04-23,
50,Olivia Dean,So Easy (To Fall In Love),260350,2026-04-23,
51,Naykilla,SO ASU,255931,2026-04-23,
52,Justin Bieber,One Less Lonely Girl,253314,2026-04-23,
53,Hafiz Suip,Bahagiamu Deritaku,247516,2026-04-23,
54,Bruno Mars,Just the Way You Are,244778,2026-04-23,
55,Alyah,Sesal Separuh Nyawa,244281,2026-04-23,
56,BTS,Body to Body,235328,2026-04-23,
57,Justin Bieber,What Do You Mean?,234932,2026-04-23,
58,Raim Laode,Lesung Pipi,232027,2026-04-23,
59,"Charlie Puth, Selena Gomez",We Don't Talk Anymore (feat. Selena Gomez),231629,2026-04-23,
60,BTS,2,229215,2026-04-23,
61,Bruno Mars,Talking to the Moon,228828,2026-04-23,
62,"The Weeknd, JENNIE, Lily-Rose Depp","One Of The Girls (with JENNIE, Lily Rose Depp)",227199,2026-04-23,
63,"Nadhif Basalamah, Aziz Harun, Aisha Retno",kota ini tak sama tanpamu (with Aziz Harun & Aisha Retno),227046,2026-04-23,
64,Bruno Mars,That's What I Like,226582,2026-04-23,
65,Raim Laode,Iqro',225927,2026-04-23,
66,Bruno Mars,When I Was Your Man,224574,2026-04-23,
67,Raim Laode,Bersenja Gurau,223886,2026-04-23,
68,One Direction,Night Changes,223719,2026-04-23,
69,"Silet Open Up, Jacson Seran, Juan Reza, Diva Aurel",TABOLA BALE,221873,2026-04-23,
70,Hearts2Hearts,RUDE!,211517,2026-04-23,
71,BTS,Hooligan,211013,2026-04-23,
72,Insomniacks,Pulang,207897,2026-04-23,
73,"Maroon 5, Wiz Khalifa",Payphone,204735,2026-04-23,
74,Ariana Grande,we can't be friends (wait for your love),200352,2026-04-23,
75,Pamungkas,Monolog,199591,2026-04-23,
76,"Tenxi, Suisei, Jemsii",mejikuhibiniu,196530,2026-04-23,
77,Rahmat,Siapa Di Hatimu,194420,2026-04-23,
78,ALYPH,Ingat,191807,2026-04-23,
79,Justin Bieber,Company,190194,2026-04-23,
80,Sabrina Carpenter,Manchild,189966,2026-04-23,
81,Anggis Devaki,Dirimu Yang Dulu,186596,2026-04-23,
82,She & Him,I Thought I Saw Your Face Today,186210,2026-04-23,
83,Batas Senja,Nanti Kita Seperti Ini,185590,2026-04-23,
84,Gigi Perez,Sailor Song,184630,2026-04-23,
85,Arctic Monkeys,I Wanna Be Yours,183143,2026-04-23,
86,JENNIE,like JENNIE,183027,2026-04-23,
87,KATSEYE,Gabriela,182912,2026-04-23,
88,BTS,NORMAL,182756,2026-04-23,
89,Mega,Sekuntum Bunga Sakura Di Gurun Sahara,181268,2026-04-23,
90,Insomniacks,Reminisensi,180913,2026-04-23,
91,Charlie Puth,Attention,180652,2026-04-23,
92,Ara Johari,Menjaga Jodoh Orang Lain,180429,2026-04-23,
93,KATSEYE,PINKY UP,179342,2026-04-23,
94,Insomniacks,Sempurna,178981,2026-04-23,
95,Hindia,everything u are,178772,2026-04-23,
96,D’MASIV,Cinta Ini Membunuhku,178750,2026-04-23,
97,The Lantis,Bunga Maaf,178540,2026-04-23,
98,Madison Beer,bittersweet,176643,2026-04-23,
99,Jin,Don’t Say You Love Me,176410,2026-04-23,
100,Iklim,Bukan Ku Tak Sudi,176408,2026-04-23,
101,Nadin Amizah,Di Akhir Perang,174875,2026-04-23,
102,Lyodra,Pesan Terakhir,174369,2026-04-23,
103,Malcolm Todd,Earrings,172598,2026-04-23,
104,"dia, Tenxi",SENCY,172312,2026-04-23,
105,The Marías,No One Noticed,171844,2026-04-23,
106,Olivia Rodrigo,traitor,171452,2026-04-23,
107,Sufian Suhaimi,Di Matamu,171336,2026-04-23,
108,Hazama,Relakan Jiwa,171250,2026-04-23,
109,"HUNTR/X, EJAE, AUDREY NUNA, REI AMI, KPop Demon Hunters Cast",Golden,170700,2026-04-23,
110,"B.o.B, Bruno Mars",Nothin' on You (feat. Bruno Mars),170227,2026-04-23,
111,Bruno Mars,Versace on the Floor,170174,2026-04-23,
112,SAMSONS,Kenangan Terindah,170103,2026-04-23,
113,Luqman Faiz,Kepuraanmu,169978,2026-04-23,
114,Sheila On 7,Dan...,169112,2026-04-23,
115,Mahalini,Bawa Dia Kembali,167756,2026-04-23,
116,"Tenxi, Naykilla, Jemsii",Garam & Madu (Sakit Dadaku),167706,2026-04-23,
117,Raim Laode,Komang,166844,2026-04-23,
118,BTS,FYA,166687,2026-04-23,
119,Drama Band,Biarkanlah,165306,2026-04-23,
120,Hyper Act,Takkan Pergi,164742,2026-04-23,
121,"Naykilla, Tenxi, Jemsii",Kasih Aba Aba,164674,2026-04-23,
122,Hyper Act,Harapan,164287,2026-04-23,
123,Justin Bieber,YUKON,164046,2026-04-23,
124,Shawn Mendes,Treat You Better,163853,2026-04-23,
125,BTS,Like Animals,163770,2026-04-23,
126,Natasya Sabella,Menerima Luka,163417,2026-04-23,
127,"Daniel Caesar, H.E.R.",Best Part (feat. H.E.R.),163093,2026-04-23,
128,d4vd,Here With Me,162641,2026-04-23,
129,Daniel Caesar,Always,162451,2026-04-23,
130,Andmesh,Anugerah Terindah,162342,2026-04-23,
131,"Jung Kook, Latto",Seven (feat. Latto) (Explicit Ver.),162094,2026-04-23,
132,Hindia,Rumah Ke Rumah,161561,2026-04-23,
133,BTS,they don’t know ’bout us,161183,2026-04-23,
134,Lana Del Rey,Cinnamon Girl,160843,2026-04-23,
135,Backstreet Boys,Shape of My Heart,160701,2026-04-23,
136,SZA,Snooze,159196,2026-04-23,
137,Sofaz,Dan Bila Esok,158869,2026-04-23,
138,Budak Kacamata,Bintang,158372,2026-04-23,
139,"The Chainsmokers, Halsey",Closer,157138,2026-04-23,
140,The 1975,About You,157097,2026-04-23,
141,SZA,Nobody Gets Me,156541,2026-04-23,
142,BTS,Aliens,155220,2026-04-23,
143,"Feby Putri, Fiersa Besari",Runtuh,155079,2026-04-23,
144,"The Weeknd, Daft Punk",Starboy,154960,2026-04-23,
145,Naufal Syachreza,SUPER EKSIS,154634,2026-04-23,
146,"Akbar Chalay, Zynakal, ciloqciliq",Ngga Dulu,154403,2026-04-23,
147,"Suara Kayu, Feby Putri",Kembali Pulang,154310,2026-04-23,
148,Cakra Khan,Kekasih Bayangan,153992,2026-04-23,
149,Ed Sheeran,Perfect,153873,2026-04-23,
150,Bruno Mars,I Just Might,153712,2026-04-23,
151,Anuar Zain,Sedetik Lebih,151003,2026-04-23,
152,ROSÉ,number one girl,150902,2026-04-23,
153,Nadin Amizah,Rayuan Perempuan Gila,150718,2026-04-23,
154,Justin Bieber,Boyfriend,149946,2026-04-23,
155,Cigarettes After Sex,Cry,149324,2026-04-23,
156,Judika,Aku Yang Tersakiti,149131,2026-04-23,
157,"Justin Bieber, Daniel Caesar, GIVĒON",Peaches (feat. Daniel Caesar & Giveon),148615,2026-04-23,
158,For Revenge,Serana,148318,2026-04-23,
159,Harry Styles,Sign of the Times,148093,2026-04-23,
160,Exists,Alasanmu,147742,2026-04-23,
161,Noh Salleh,Rahsia Tuhan,147547,2026-04-23,
162,"Zizan Razak, Kaka Azraff",Bawaku Pergi,147504,2026-04-23,
163,Ed Sheeran,Photograph,146444,2026-04-23,
164,BTS,Merry Go Round,146417,2026-04-23,
165,Fabio Asher,Rumah Singgah,146032,2026-04-23,
166,"Jack Ü, Skrillex, Diplo, Justin Bieber",Where Are Ü Now (with Justin Bieber),146008,2026-04-23,
167,"Tenxi, Jemsii",Bintang 5,145824,2026-04-23,
168,The Weeknd,Die For You,145643,2026-04-23,
169,Taylor Swift,Opalite,145417,2026-04-23,
170,Joji,SLOW DANCING IN THE DARK,144867,2026-04-23,
171,"Rombongan Bodonk Koplo, Ncum",Calon Mantu Idaman (feat. Ncum),144095,2026-04-23,
172,Olivia Rodrigo,happier,143807,2026-04-23,
173,New West,Those Eyes,143265,2026-04-23,
174,Henry Moodie,drunk text,143074,2026-04-23,
175,Batas Senja,Kita Usahakan Lagi,142993,2026-04-23,
176,Olivia Rodrigo,deja vu,142860,2026-04-23,
177,Kerispatih,Tapi Bukan Aku,142823,2026-04-23,
178,6ixth Sense,Tanpa,141584,2026-04-23,
179,Ruth B.,Dandelions,141497,2026-04-23,
180,Spring,Bourgenvilla,141310,2026-04-23,
181,James Arthur,Car's Outside,140699,2026-04-23,
182,"ROSÉ, Bruno Mars",APT.,140454,2026-04-23,
183,Seventeen,Untuk Mencintaimu,140453,2026-04-23,
184,Sufian Suhaimi,Terakhir,140335,2026-04-23,
185,Cherpen,Pasti,139886,2026-04-23,
186,Malcolm Todd,Sweet Boy,139570,2026-04-23,
187,"Zynakal, Zamir Harith, Mojack Hafiz, Bel Janni",Dalam Diam,139370,2026-04-23,
188,BTS,Please,139341,2026-04-23,
189,"马也_Crabbit, Cole先生",海屿你,138494,2026-04-23,
190,Noah,Separuh Aku,138253,2026-04-23,
191,BTS,Into the Sun,138026,2026-04-23,
192,The Neighbourhood,Sweater Weather,137536,2026-04-23,
193,Black,Sofea Jane,136992,2026-04-23,
194,The Goo Goo Dolls,Iris,136863,2026-04-23,
195,Ariana Grande,One Last Time,136754,2026-04-23,
196,"Ariana Grande, Justin Bieber",Stuck with U (with Justin Bieber),136646,2026-04-23,
197,Coldplay,Yellow,136588,2026-04-23,
198,Aizat Amdan,Hanya Kau Yang Mampu,136554,2026-04-23,
199,Exists,Dirantai Digelangi Rindu,136454,2026-04-23,
200,Fieya Julia,Perasaanku,136014,2026-04-23,
1,Bruno Mars,Risk It All,1027640,2026-04-16,
2,Piche Kota,Bahagia Lagi,633526,2026-04-16,
3,Nadhif Basalamah,kota ini tak sama tanpamu,588762,2026-04-16,
4,BTS,SWIM,501800,2026-04-16,
5,"Justin Bieber, Nicki Minaj",Beauty And A Beat,496628,2026-04-16,
6,Adira Suhaimi,Sayang Orang Sama,496477,2026-04-16,
7,Aisha Retno,Jodoh Lebaran,492526,2026-04-16,
8,Sal Priadi,Ada titik-titik di ujung doa,474464,2026-04-16,
9,Nadhif Basalamah,bergema sampai selamanya,473959,2026-04-16,
10,Mojo,Romancinta,458428,2026-04-16,
11,Idgitaf,Sedia Aku Sebelum Hujan,417315,2026-04-16,
12,Nuca,"Masa ini, Nanti, dan Masa Indah Lainnya",396173,2026-04-16,
13,"Sean Kingston, Justin Bieber",Eenie Meenie,377861,2026-04-16,
14,Katy Perry,The One That Got Away,349858,2026-04-16,
15,sombr,back to friends,346829,2026-04-16,
16,SIENNA SPIRO,Die On This Hill,337525,2026-04-16,
17,"dia, INDAHKUS",MALU MALU,334919,2026-04-16,
18,"Justin Bieber, Ludacris",Baby,330073,2026-04-16,
19,Billie Eilish,WILDFLOWER,327584,2026-04-16,
20,"Dave, Tems",Raindance (feat. Tems),313057,2026-04-16,
21,Justin Bieber,That Should Be Me,306619,2026-04-16,
22,Taylor Swift,The Fate of Ophelia,297649,2026-04-16,
23,Olivia Dean,So Easy (To Fall In Love),297442,2026-04-16,
24,Daniel Caesar,Who Knows,296528,2026-04-16,
25,"Tame Impala, JENNIE",Dracula - JENNIE Remix,294856,2026-04-16,
26,Ifan Seventeen,Jangan Paksa Rindu - Beda,293706,2026-04-16,
27,Justin Bieber,Love Yourself,293700,2026-04-16,
28,"Lady Gaga, Bruno Mars",Die With A Smile,292020,2026-04-16,
29,Dominic Fike,Babydoll,291550,2026-04-16,
30,Nadhif Basalamah,penjaga hati,289159,2026-04-16,
31,"Justin Bieber, Chance the Rapper",Confident,289123,2026-04-16,
32,"PinkPantheress, Zara Larsson",Stateside + Zara Larsson,287369,2026-04-16,
33,Justin Bieber,Ghost,286723,2026-04-16,
34,BTS,Body to Body,286644,2026-04-16,
35,Billie Eilish,BIRDS OF A FEATHER,282433,2026-04-16,
36,Naykilla,SO ASU,278544,2026-04-16,
37,BTS,2,278444,2026-04-16,
38,Hyper Act,Hanya Aku,276462,2026-04-16,
39,Ravyn Lenae,Love Me Not,276175,2026-04-16,
40,Djo,End of Beginning,273701,2026-04-16,
41,"Fourtwnty, Charita Utami",Mangu,266842,2026-04-16,
42,The Script,The Man Who Can't Be Moved,266476,2026-04-16,
43,Alpha,P Ramlee Saloma,260906,2026-04-16,
44,Bruno Mars,It Will Rain,260070,2026-04-16,
45,Justin Bieber,Favorite Girl,258459,2026-04-16,
46,Justin Bieber,Sorry,254497,2026-04-16,
47,BTS,Hooligan,251526,2026-04-16,
48,Justin Bieber,DAISIES,245631,2026-04-16,
49,"Nadhif Basalamah, Aziz Harun, Aisha Retno",kota ini tak sama tanpamu (with Aziz Harun & Aisha Retno),242048,2026-04-16,
50,"The Weeknd, JENNIE, Lily-Rose Depp","One Of The Girls (with JENNIE, Lily Rose Depp)",239236,2026-04-16,
51,Bruno Mars,Locked out of Heaven,239168,2026-04-16,
52,Mega,Sekuntum Bunga Sakura Di Gurun Sahara,232791,2026-04-16,
53,Bruno Mars,When I Was Your Man,232292,2026-04-16,
54,"The Kid LAROI, Justin Bieber",STAY (with Justin Bieber),230717,2026-04-16,
55,Hafiz Suip,Bahagiamu Deritaku,230430,2026-04-16,
56,"DJ Snake, Justin Bieber",Let Me Love You,229702,2026-04-16,
57,Alyah,Sesal Separuh Nyawa,228038,2026-04-16,
58,"Silet Open Up, Jacson Seran, Juan Reza, Diva Aurel",TABOLA BALE,227350,2026-04-16,
59,Hearts2Hearts,RUDE!,225463,2026-04-16,
60,Raim Laode,Lesung Pipi,219826,2026-04-16,
61,Hyper Act,Takkan Pergi,218554,2026-04-16,
62,BTS,NORMAL,218378,2026-04-16,
63,"Charlie Puth, Selena Gomez",We Don't Talk Anymore (feat. Selena Gomez),211777,2026-04-16,
64,Bruno Mars,Talking to the Moon,211137,2026-04-16,
65,"Tenxi, Suisei, Jemsii",mejikuhibiniu,208532,2026-04-16,
66,Bruno Mars,Just the Way You Are,208162,2026-04-16,
67,KATSEYE,PINKY UP,207435,2026-04-16,
68,Pamungkas,Monolog,206070,2026-04-16,
69,One Direction,Night Changes,201330,2026-04-16,
70,D’MASIV,Cinta Ini Membunuhku,200006,2026-04-16,
71,Raim Laode,Bersenja Gurau,199108,2026-04-16,
72,ALYPH,Ingat,198127,2026-04-16,
73,SAMSONS,Kenangan Terindah,197939,2026-04-16,
74,Bruno Mars,That's What I Like,197861,2026-04-16,
75,Ariana Grande,we can't be friends (wait for your love),197768,2026-04-16,
76,BTS,FYA,196926,2026-04-16,
77,Insomniacks,Sempurna,196346,2026-04-16,
78,Jin,Don’t Say You Love Me,196293,2026-04-16,
79,KATSEYE,Gabriela,193207,2026-04-16,
80,"Maroon 5, Wiz Khalifa",Payphone,192306,2026-04-16,
81,Lyodra,Pesan Terakhir,191308,2026-04-16,
82,Gigi Perez,Sailor Song,190925,2026-04-16,
83,She & Him,I Thought I Saw Your Face Today,190416,2026-04-16,
84,BTS,Like Animals,189749,2026-04-16,
85,Insomniacks,Pulang,187628,2026-04-16,
86,"HUNTR/X, EJAE, AUDREY NUNA, REI AMI, KPop Demon Hunters Cast",Golden,187178,2026-04-16,
87,Anggis Devaki,Dirimu Yang Dulu,186776,2026-04-16,
88,Daniel Caesar,Always,185165,2026-04-16,
89,Rahmat,Siapa Di Hatimu,183547,2026-04-16,
90,Ara Johari,Menjaga Jodoh Orang Lain,182989,2026-04-16,
91,BTS,they don’t know ’bout us,182959,2026-04-16,
92,Sufian Suhaimi,Di Matamu,181570,2026-04-16,
93,JENNIE,like JENNIE,180742,2026-04-16,
94,"dia, Tenxi",SENCY,179978,2026-04-16,
95,Batas Senja,Nanti Kita Seperti Ini,179974,2026-04-16,
96,BTS,Aliens,179495,2026-04-16,
97,"Justin Bieber, Jaden",Never Say Never,178460,2026-04-16,
98,"Tenxi, Naykilla, Jemsii",Garam & Madu (Sakit Dadaku),177481,2026-04-16,
99,Lana Del Rey,Cinnamon Girl,177088,2026-04-16,
100,Hindia,everything u are,175162,2026-04-16,
101,"Naykilla, Tenxi, Jemsii",Kasih Aba Aba,174926,2026-04-16,
102,Drama Band,Biarkanlah,173431,2026-04-16,
103,Madison Beer,bittersweet,173283,2026-04-16,
104,Arctic Monkeys,I Wanna Be Yours,173081,2026-04-16,
105,Raim Laode,Iqro',172465,2026-04-16,
106,Sabrina Carpenter,Manchild,172247,2026-04-16,
107,"Zizan Razak, Kaka Azraff",Bawaku Pergi,171478,2026-04-16,
108,Natasya Sabella,Menerima Luka,168433,2026-04-16,
109,BTS,Merry Go Round,168176,2026-04-16,
110,Nadin Amizah,Di Akhir Perang,166662,2026-04-16,
111,d4vd,Here With Me,165681,2026-04-16,
112,"Jung Kook, Latto",Seven (feat. Latto) (Explicit Ver.),164513,2026-04-16,
113,Charlie Puth,Attention,164378,2026-04-16,
114,Insomniacks,Reminisensi,164010,2026-04-16,
115,"The Weeknd, Daft Punk",Starboy,163795,2026-04-16,
116,Luqman Faiz,Kepuraanmu,162500,2026-04-16,
117,Hindia,Rumah Ke Rumah,162495,2026-04-16,
118,Cigarettes After Sex,Cry,162163,2026-04-16,
119,Bruno Mars,I Just Might,161712,2026-04-16,
120,Mahalini,Bawa Dia Kembali,161646,2026-04-16,
121,Sheila On 7,Dan...,160959,2026-04-16,
122,Justin Bieber,What Do You Mean?,160875,2026-04-16,
123,The Lantis,Bunga Maaf,160151,2026-04-16,
124,The Marías,No One Noticed,159381,2026-04-16,
125,Cakra Khan,Kekasih Bayangan,158458,2026-04-16,
126,"Tenxi, Jemsii",Bintang 5,158304,2026-04-16,
127,Justin Bieber,One Time,158251,2026-04-16,
128,Bruno Mars,Versace on the Floor,157701,2026-04-16,
129,The 1975,About You,156805,2026-04-16,
130,"Daniel Caesar, H.E.R.",Best Part (feat. H.E.R.),156398,2026-04-16,
131,Hyper Act,Harapan,156145,2026-04-16,
132,"Akbar Chalay, Zynakal, ciloqciliq",Ngga Dulu,155850,2026-04-16,
133,BTS,Please,155499,2026-04-16,
134,Raim Laode,Komang,154870,2026-04-16,
135,SZA,Nobody Gets Me,153284,2026-04-16,
136,BTS,One More Night,152420,2026-04-16,
137,Andmesh,Anugerah Terindah,152284,2026-04-16,
138,Nadin Amizah,Rayuan Perempuan Gila,149864,2026-04-16,
139,Malcolm Todd,Earrings,149807,2026-04-16,
140,Taylor Swift,Opalite,149644,2026-04-16,
141,Backstreet Boys,Shape of My Heart,149594,2026-04-16,
142,New West,Those Eyes,148960,2026-04-16,
143,Budak Kacamata,Bintang,148797,2026-04-16,
144,The Weeknd,Die For You,148529,2026-04-16,
145,Hazama,Relakan Jiwa,147738,2026-04-16,
146,Sofaz,Dan Bila Esok,147533,2026-04-16,
147,Harry Styles,Sign of the Times,147393,2026-04-16,
148,Anuar Zain,Sedetik Lebih,147075,2026-04-16,
149,SZA,Snooze,146878,2026-04-16,
150,BTS,Into the Sun,146847,2026-04-16,
151,"马也_Crabbit, Cole先生",海屿你,146380,2026-04-16,
152,Noh Salleh,Rahsia Tuhan,146181,2026-04-16,
153,"B.o.B, Bruno Mars",Nothin' on You (feat. Bruno Mars),145126,2026-04-16,
154,Justin Bieber,Company,145056,2026-04-16,
155,Black,Sofea Jane,144710,2026-04-16,
156,Naufal Syachreza,SUPER EKSIS,144284,2026-04-16,
157,"The Chainsmokers, Halsey",Closer,142942,2026-04-16,
158,Olivia Rodrigo,traitor,142520,2026-04-16,
159,Ed Sheeran,Perfect,142353,2026-04-16,
160,Cigarettes After Sex,Apocalypse,141930,2026-04-16,
161,Keane,Somewhere Only We Know,141879,2026-04-16,
162,Shawn Mendes,Treat You Better,141858,2026-04-16,
163,For Revenge,Serana,141298,2026-04-16,
164,Rombongan Bodonk Koplo,Kasih Tau Mama (Malam Minggu),141269,2026-04-16,
165,"Suara Kayu, Feby Putri",Kembali Pulang,141248,2026-04-16,
166,"Feby Putri, Fiersa Besari",Runtuh,141218,2026-04-16,
167,Noah,Separuh Aku,140991,2026-04-16,
168,Judika,Aku Yang Tersakiti,140430,2026-04-16,
169,Sufian Suhaimi,Terakhir,140389,2026-04-16,
170,"Rombongan Bodonk Koplo, Ncum",Calon Mantu Idaman (feat. Ncum),140350,2026-04-16,
171,Joji,SLOW DANCING IN THE DARK,140099,2026-04-16,
172,Kerispatih,Tapi Bukan Aku,140039,2026-04-16,
173,Daniel Caesar,Superpowers,139870,2026-04-16,
174,Coldplay,Yellow,139210,2026-04-16,
175,Batas Senja,Kita Usahakan Lagi,138897,2026-04-16,
176,"Zynakal, Zamir Harith, Mojack Hafiz, Bel Janni",Dalam Diam,138877,2026-04-16,
177,Fabio Asher,Rumah Singgah,138474,2026-04-16,
178,"Ariana Grande, The Weeknd",Love Me Harder,138287,2026-04-16,
179,Gracie Abrams,That’s So True,137799,2026-04-16,
180,"Kendrick Lamar, SZA","All The Stars (with SZA) - From ""Black Panther: The Album""",137799,2026-04-16,
181,SZA,Kill Bill,136469,2026-04-16,
182,"Kendrick Lamar, SZA",luther (with sza),136466,2026-04-16,
183,The Neighbourhood,Sweater Weather,136385,2026-04-16,
184,ROSÉ,number one girl,135913,2026-04-16,
185,Slam,Tak Mungkin Berpaling,135895,2026-04-16,
186,Justin Bieber,One Less Lonely Girl,135765,2026-04-16,
187,Malcolm Todd,Sweet Boy,135474,2026-04-16,
188,Sabrina Carpenter,Espresso,135205,2026-04-16,
189,Afgan,Jodoh Pasti Bertemu,135137,2026-04-16,
190,Olivia Dean,Man I Need,134039,2026-04-16,
191,Ed Sheeran,Photograph,133967,2026-04-16,
192,Iklim,Bukan Ku Tak Sudi,133807,2026-04-16,
193,dia,EEEE A,133663,2026-04-16,
194,Harry Styles,As It Was,133559,2026-04-16,
195,RAYE,WHERE IS MY HUSBAND!,133438,2026-04-16,
196,"Daiyan Trisha, Alfie Zumi",Jom Raya,133142,2026-04-16,
197,"ROSÉ, Bruno Mars",APT.,132755,2026-04-16,
198,Coldplay,Sparks,132676,2026-04-16,
199,Seventeen,Untuk Mencintaimu,131968,2026-04-16,
200,Exists,Alasanmu,131934,2026-04-16,
1,Bruno Mars,Risk It All,1027640,2026-04-16,
2,Piche Kota,Bahagia Lagi,633526,2026-04-16,
3,Nadhif Basalamah,kota ini tak sama tanpamu,588762,2026-04-16,
4,BTS,SWIM,501800,2026-04-16,
5,"Justin Bieber, Nicki Minaj",Beauty And A Beat,496628,2026-04-16,
6,Adira Suhaimi,Sayang Orang Sama,496477,2026-04-16,
7,Aisha Retno,Jodoh Lebaran,492526,2026-04-16,
8,Sal Priadi,Ada titik-titik di ujung doa,474464,2026-04-16,
9,Nadhif Basalamah,bergema sampai selamanya,473959,2026-04-16,
10,Mojo,Romancinta,458428,2026-04-16,
11,Idgitaf,Sedia Aku Sebelum Hujan,417315,2026-04-16,
12,Nuca,"Masa ini, Nanti, dan Masa Indah Lainnya",396173,2026-04-16,
13,"Sean Kingston, Justin Bieber",Eenie Meenie,377861,2026-04-16,
14,Katy Perry,The One That Got Away,349858,2026-04-16,
15,sombr,back to friends,346829,2026-04-16,
16,SIENNA SPIRO,Die On This Hill,337525,2026-04-16,
17,"dia, INDAHKUS",MALU MALU,334919,2026-04-16,
18,"Justin Bieber, Ludacris",Baby,330073,2026-04-16,
19,Billie Eilish,WILDFLOWER,327584,2026-04-16,
20,"Dave, Tems",Raindance (feat. Tems),313057,2026-04-16,
21,Justin Bieber,That Should Be Me,306619,2026-04-16,
22,Taylor Swift,The Fate of Ophelia,297649,2026-04-16,
23,Olivia Dean,So Easy (To Fall In Love),297442,2026-04-16,
24,Daniel Caesar,Who Knows,296528,2026-04-16,
25,"Tame Impala, JENNIE",Dracula - JENNIE Remix,294856,2026-04-16,
26,Ifan Seventeen,Jangan Paksa Rindu - Beda,293706,2026-04-16,
27,Justin Bieber,Love Yourself,293700,2026-04-16,
28,"Lady Gaga, Bruno Mars",Die With A Smile,292020,2026-04-16,
29,Dominic Fike,Babydoll,291550,2026-04-16,
30,Nadhif Basalamah,penjaga hati,289159,2026-04-16,
31,"Justin Bieber, Chance the Rapper",Confident,289123,2026-04-16,
32,"PinkPantheress, Zara Larsson",Stateside + Zara Larsson,287369,2026-04-16,
33,Justin Bieber,Ghost,286723,2026-04-16,
34,BTS,Body to Body,286644,2026-04-16,
35,Billie Eilish,BIRDS OF A FEATHER,282433,2026-04-16,
36,Naykilla,SO ASU,278544,2026-04-16,
37,BTS,2,278444,2026-04-16,
38,Hyper Act,Hanya Aku,276462,2026-04-16,
39,Ravyn Lenae,Love Me Not,276175,2026-04-16,
40,Djo,End of Beginning,273701,2026-04-16,
41,"Fourtwnty, Charita Utami",Mangu,266842,2026-04-16,
42,The Script,The Man Who Can't Be Moved,266476,2026-04-16,
43,Alpha,P Ramlee Saloma,260906,2026-04-16,
44,Bruno Mars,It Will Rain,260070,2026-04-16,
45,Justin Bieber,Favorite Girl,258459,2026-04-16,
46,Justin Bieber,Sorry,254497,2026-04-16,
47,BTS,Hooligan,251526,2026-04-16,
48,Justin Bieber,DAISIES,245631,2026-04-16,
49,"Nadhif Basalamah, Aziz Harun, Aisha Retno",kota ini tak sama tanpamu (with Aziz Harun & Aisha Retno),242048,2026-04-16,
50,"The Weeknd, JENNIE, Lily-Rose Depp","One Of The Girls (with JENNIE, Lily Rose Depp)",239236,2026-04-16,
51,Bruno Mars,Locked out of Heaven,239168,2026-04-16,
52,Mega,Sekuntum Bunga Sakura Di Gurun Sahara,232791,2026-04-16,
53,Bruno Mars,When I Was Your Man,232292,2026-04-16,
54,"The Kid LAROI, Justin Bieber",STAY (with Justin Bieber),230717,2026-04-16,
55,Hafiz Suip,Bahagiamu Deritaku,230430,2026-04-16,
56,"DJ Snake, Justin Bieber",Let Me Love You,229702,2026-04-16,
57,Alyah,Sesal Separuh Nyawa,228038,2026-04-16,
58,"Silet Open Up, Jacson Seran, Juan Reza, Diva Aurel",TABOLA BALE,227350,2026-04-16,
59,Hearts2Hearts,RUDE!,225463,2026-04-16,
60,Raim Laode,Lesung Pipi,219826,2026-04-16,
61,Hyper Act,Takkan Pergi,218554,2026-04-16,
62,BTS,NORMAL,218378,2026-04-16,
63,"Charlie Puth, Selena Gomez",We Don't Talk Anymore (feat. Selena Gomez),211777,2026-04-16,
64,Bruno Mars,Talking to the Moon,211137,2026-04-16,
65,"Tenxi, Suisei, Jemsii",mejikuhibiniu,208532,2026-04-16,
66,Bruno Mars,Just the Way You Are,208162,2026-04-16,
67,KATSEYE,PINKY UP,207435,2026-04-16,
68,Pamungkas,Monolog,206070,2026-04-16,
69,One Direction,Night Changes,201330,2026-04-16,
70,D’MASIV,Cinta Ini Membunuhku,200006,2026-04-16,
71,Raim Laode,Bersenja Gurau,199108,2026-04-16,
72,ALYPH,Ingat,198127,2026-04-16,
73,SAMSONS,Kenangan Terindah,197939,2026-04-16,
74,Bruno Mars,That's What I Like,197861,2026-04-16,
75,Ariana Grande,we can't be friends (wait for your love),197768,2026-04-16,
76,BTS,FYA,196926,2026-04-16,
77,Insomniacks,Sempurna,196346,2026-04-16,
78,Jin,Don’t Say You Love Me,196293,2026-04-16,
79,KATSEYE,Gabriela,193207,2026-04-16,
80,"Maroon 5, Wiz Khalifa",Payphone,192306,2026-04-16,
81,Lyodra,Pesan Terakhir,191308,2026-04-16,
82,Gigi Perez,Sailor Song,190925,2026-04-16,
83,She & Him,I Thought I Saw Your Face Today,190416,2026-04-16,
84,BTS,Like Animals,189749,2026-04-16,
85,Insomniacks,Pulang,187628,2026-04-16,
86,"HUNTR/X, EJAE, AUDREY NUNA, REI AMI, KPop Demon Hunters Cast",Golden,187178,2026-04-16,
87,Anggis Devaki,Dirimu Yang Dulu,186776,2026-04-16,
88,Daniel Caesar,Always,185165,2026-04-16,
89,Rahmat,Siapa Di Hatimu,183547,2026-04-16,
90,Ara Johari,Menjaga Jodoh Orang Lain,182989,2026-04-16,
91,BTS,they don’t know ’bout us,182959,2026-04-16,
92,Sufian Suhaimi,Di Matamu,181570,2026-04-16,
93,JENNIE,like JENNIE,180742,2026-04-16,
94,"dia, Tenxi",SENCY,179978,2026-04-16,
95,Batas Senja,Nanti Kita Seperti Ini,179974,2026-04-16,
96,BTS,Aliens,179495,2026-04-16,
97,"Justin Bieber, Jaden",Never Say Never,178460,2026-04-16,
98,"Tenxi, Naykilla, Jemsii",Garam & Madu (Sakit Dadaku),177481,2026-04-16,
99,Lana Del Rey,Cinnamon Girl,177088,2026-04-16,
100,Hindia,everything u are,175162,2026-04-16,
101,"Naykilla, Tenxi, Jemsii",Kasih Aba Aba,174926,2026-04-16,
102,Drama Band,Biarkanlah,173431,2026-04-16,
103,Madison Beer,bittersweet,173283,2026-04-16,
104,Arctic Monkeys,I Wanna Be Yours,173081,2026-04-16,
105,Raim Laode,Iqro',172465,2026-04-16,
106,Sabrina Carpenter,Manchild,172247,2026-04-16,
107,"Zizan Razak, Kaka Azraff",Bawaku Pergi,171478,2026-04-16,
108,Natasya Sabella,Menerima Luka,168433,2026-04-16,
109,BTS,Merry Go Round,168176,2026-04-16,
110,Nadin Amizah,Di Akhir Perang,166662,2026-04-16,
111,d4vd,Here With Me,165681,2026-04-16,
112,"Jung Kook, Latto",Seven (feat. Latto) (Explicit Ver.),164513,2026-04-16,
113,Charlie Puth,Attention,164378,2026-04-16,
114,Insomniacks,Reminisensi,164010,2026-04-16,
115,"The Weeknd, Daft Punk",Starboy,163795,2026-04-16,
116,Luqman Faiz,Kepuraanmu,162500,2026-04-16,
117,Hindia,Rumah Ke Rumah,162495,2026-04-16,
118,Cigarettes After Sex,Cry,162163,2026-04-16,
119,Bruno Mars,I Just Might,161712,2026-04-16,
120,Mahalini,Bawa Dia Kembali,161646,2026-04-16,
121,Sheila On 7,Dan...,160959,2026-04-16,
122,Justin Bieber,What Do You Mean?,160875,2026-04-16,
123,The Lantis,Bunga Maaf,160151,2026-04-16,
124,The Marías,No One Noticed,159381,2026-04-16,
125,Cakra Khan,Kekasih Bayangan,158458,2026-04-16,
126,"Tenxi, Jemsii",Bintang 5,158304,2026-04-16,
127,Justin Bieber,One Time,158251,2026-04-16,
128,Bruno Mars,Versace on the Floor,157701,2026-04-16,
129,The 1975,About You,156805,2026-04-16,
130,"Daniel Caesar, H.E.R.",Best Part (feat. H.E.R.),156398,2026-04-16,
131,Hyper Act,Harapan,156145,2026-04-16,
132,"Akbar Chalay, Zynakal, ciloqciliq",Ngga Dulu,155850,2026-04-16,
133,BTS,Please,155499,2026-04-16,
134,Raim Laode,Komang,154870,2026-04-16,
135,SZA,Nobody Gets Me,153284,2026-04-16,
136,BTS,One More Night,152420,2026-04-16,
137,Andmesh,Anugerah Terindah,152284,2026-04-16,
138,Nadin Amizah,Rayuan Perempuan Gila,149864,2026-04-16,
139,Malcolm Todd,Earrings,149807,2026-04-16,
140,Taylor Swift,Opalite,149644,2026-04-16,
141,Backstreet Boys,Shape of My Heart,149594,2026-04-16,
142,New West,Those Eyes,148960,2026-04-16,
143,Budak Kacamata,Bintang,148797,2026-04-16,
144,The Weeknd,Die For You,148529,2026-04-16,
145,Hazama,Relakan Jiwa,147738,2026-04-16,
146,Sofaz,Dan Bila Esok,147533,2026-04-16,
147,Harry Styles,Sign of the Times,147393,2026-04-16,
148,Anuar Zain,Sedetik Lebih,147075,2026-04-16,
149,SZA,Snooze,146878,2026-04-16,
150,BTS,Into the Sun,146847,2026-04-16,
151,"马也_Crabbit, Cole先生",海屿你,146380,2026-04-16,
152,Noh Salleh,Rahsia Tuhan,146181,2026-04-16,
153,"B.o.B, Bruno Mars",Nothin' on You (feat. Bruno Mars),145126,2026-04-16,
154,Justin Bieber,Company,145056,2026-04-16,
155,Black,Sofea Jane,144710,2026-04-16,
156,Naufal Syachreza,SUPER EKSIS,144284,2026-04-16,
157,"The Chainsmokers, Halsey",Closer,142942,2026-04-16,
158,Olivia Rodrigo,traitor,142520,2026-04-16,
159,Ed Sheeran,Perfect,142353,2026-04-16,
160,Cigarettes After Sex,Apocalypse,141930,2026-04-16,
161,Keane,Somewhere Only We Know,141879,2026-04-16,
162,Shawn Mendes,Treat You Better,141858,2026-04-16,
163,For Revenge,Serana,141298,2026-04-16,
164,Rombongan Bodonk Koplo,Kasih Tau Mama (Malam Minggu),141269,2026-04-16,
165,"Suara Kayu, Feby Putri",Kembali Pulang,141248,2026-04-16,
166,"Feby Putri, Fiersa Besari",Runtuh,141218,2026-04-16,
167,Noah,Separuh Aku,140991,2026-04-16,
168,Judika,Aku Yang Tersakiti,140430,2026-04-16,
169,Sufian Suhaimi,Terakhir,140389,2026-04-16,
170,"Rombongan Bodonk Koplo, Ncum",Calon Mantu Idaman (feat. Ncum),140350,2026-04-16,
171,Joji,SLOW DANCING IN THE DARK,140099,2026-04-16,
172,Kerispatih,Tapi Bukan Aku,140039,2026-04-16,
173,Daniel Caesar,Superpowers,139870,2026-04-16,
174,Coldplay,Yellow,139210,2026-04-16,
175,Batas Senja,Kita Usahakan Lagi,138897,2026-04-16,
176,"Zynakal, Zamir Harith, Mojack Hafiz, Bel Janni",Dalam Diam,138877,2026-04-16,
177,Fabio Asher,Rumah Singgah,138474,2026-04-16,
178,"Ariana Grande, The Weeknd",Love Me Harder,138287,2026-04-16,
179,Gracie Abrams,That’s So True,137799,2026-04-16,
180,"Kendrick Lamar, SZA","All The Stars (with SZA) - From ""Black Panther: The Album""",137799,2026-04-16,
181,SZA,Kill Bill,136469,2026-04-16,
182,"Kendrick Lamar, SZA",luther (with sza),136466,2026-04-16,
183,The Neighbourhood,Sweater Weather,136385,2026-04-16,
184,ROSÉ,number one girl,135913,2026-04-16,
185,Slam,Tak Mungkin Berpaling,135895,2026-04-16,
186,Justin Bieber,One Less Lonely Girl,135765,2026-04-16,
187,Malcolm Todd,Sweet Boy,135474,2026-04-16,
188,Sabrina Carpenter,Espresso,135205,2026-04-16,
189,Afgan,Jodoh Pasti Bertemu,135137,2026-04-16,
190,Olivia Dean,Man I Need,134039,2026-04-16,
191,Ed Sheeran,Photograph,133967,2026-04-16,
192,Iklim,Bukan Ku Tak Sudi,133807,2026-04-16,
193,dia,EEEE A,133663,2026-04-16,
194,Harry Styles,As It Was,133559,2026-04-16,
195,RAYE,WHERE IS MY HUSBAND!,133438,2026-04-16,
196,"Daiyan Trisha, Alfie Zumi",Jom Raya,133142,2026-04-16,
197,"ROSÉ, Bruno Mars",APT.,132755,2026-04-16,
198,Coldplay,Sparks,132676,2026-04-16,
199,Seventeen,Untuk Mencintaimu,131968,2026-04-16,
200,Exists,Alasanmu,131934,2026-04-16,
1,Bruno Mars,Risk It All,1010485,2026-04-02,
2,BTS,SWIM,742466,2026-04-02,
3,Aisha Retno,Jodoh Lebaran,728156,2026-04-02,
4,Piche Kota,Bahagia Lagi,627233,2026-04-02,
5,Nadhif Basalamah,kota ini tak sama tanpamu,592468,2026-04-02,
6,Nadhif Basalamah,bergema sampai selamanya,475346,2026-04-02,
7,Idgitaf,Sedia Aku Sebelum Hujan,443470,2026-04-02,
8,Sal Priadi,Ada titik-titik di ujung doa,441092,2026-04-02,
9,BTS,Body to Body,431010,2026-04-02,
10,SIENNA SPIRO,Die On This Hill,387908,2026-04-02,
11,Nuca,"Masa ini, Nanti, dan Masa Indah Lainnya",368612,2026-04-02,
12,"dia, INDAHKUS",MALU MALU,347837,2026-04-02,
13,BTS,NORMAL,343788,2026-04-02,
14,sombr,back to friends,334721,2026-04-02,
15,BTS,Hooligan,326629,2026-04-02,
16,"PinkPantheress, Zara Larsson",Stateside + Zara Larsson,325160,2026-04-02,
17,Adira Suhaimi,Sayang Orang Sama,322621,2026-04-02,
18,Billie Eilish,WILDFLOWER,316820,2026-04-02,
19,"Dave, Tems",Raindance (feat. Tems),313772,2026-04-02,
20,Olivia Dean,So Easy (To Fall In Love),310501,2026-04-02,
21,Taylor Swift,The Fate of Ophelia,308691,2026-04-02,
22,Naykilla,SO ASU,304332,2026-04-02,
23,BTS,2,297436,2026-04-02,
24,BTS,FYA,296725,2026-04-02,
25,BTS,Like Animals,290568,2026-04-02,
26,Mojo,Romancinta,287973,2026-04-02,
27,Nadhif Basalamah,penjaga hati,285642,2026-04-02,
28,"Lady Gaga, Bruno Mars",Die With A Smile,277454,2026-04-02,
29,Djo,End of Beginning,271957,2026-04-02,
30,BTS,Aliens,270744,2026-04-02,
31,Dominic Fike,Babydoll,270007,2026-04-02,
32,Ravyn Lenae,Love Me Not,266406,2026-04-02,
33,Hyper Act,Hanya Aku,266125,2026-04-02,
34,Billie Eilish,BIRDS OF A FEATHER,264247,2026-04-02,
35,BTS,they don’t know ’bout us,261565,2026-04-02,
36,"Nadhif Basalamah, Aziz Harun, Aisha Retno",kota ini tak sama tanpamu (with Aziz Harun & Aisha Retno),258997,2026-04-02,
37,BTS,Merry Go Round,256906,2026-04-02,
38,Bruno Mars,It Will Rain,250615,2026-04-02,
39,Daniel Caesar,Who Knows,250468,2026-04-02,
40,Alpha,P Ramlee Saloma,250306,2026-04-02,
41,Jin,Don’t Say You Love Me,250231,2026-04-02,
42,Mega,Sekuntum Bunga Sakura Di Gurun Sahara,247045,2026-04-02,
43,The Script,The Man Who Can't Be Moved,239775,2026-04-02,
44,Hearts2Hearts,RUDE!,239375,2026-04-02,
45,"Fourtwnty, Charita Utami",Mangu,239172,2026-04-02,
46,BTS,One More Night,238605,2026-04-02,
47,BTS,Please,234500,2026-04-02,
48,"Silet Open Up, Jacson Seran, Juan Reza, Diva Aurel",TABOLA BALE,234374,2026-04-02,
49,"The Weeknd, JENNIE, Lily-Rose Depp","One Of The Girls (with JENNIE, Lily Rose Depp)",234120,2026-04-02,
50,Katy Perry,The One That Got Away,228230,2026-04-02,
51,"Daiyan Trisha, Alfie Zumi",Jom Raya,225476,2026-04-02,
52,Alyah,Sesal Separuh Nyawa,220903,2026-04-02,
53,"Amira Othman, Irfan Haris",Bincang Raya,220605,2026-04-02,
54,Hafiz Suip,Bahagiamu Deritaku,216397,2026-04-02,
55,Sufian Suhaimi,Kasih Lebaran,212121,2026-04-02,
56,"Tenxi, Suisei, Jemsii",mejikuhibiniu,211858,2026-04-02,
57,ALYPH,Ingat,209208,2026-04-02,
58,BTS,Into the Sun,208934,2026-04-02,
59,KATSEYE,Gabriela,206154,2026-04-02,
60,"Tame Impala, JENNIE",Dracula - JENNIE Remix,204303,2026-04-02,
61,She & Him,I Thought I Saw Your Face Today,204012,2026-04-02,
62,JENNIE,like JENNIE,200256,2026-04-02,
63,Bruno Mars,Talking to the Moon,198987,2026-04-02,
64,Madison Beer,bittersweet,198775,2026-04-02,
65,Anggis Devaki,Dirimu Yang Dulu,198140,2026-04-02,
66,Bruno Mars,When I Was Your Man,198028,2026-04-02,
67,Ifan Seventeen,Jangan Paksa Rindu - Beda,195833,2026-04-02,
68,Bruno Mars,Locked out of Heaven,195449,2026-04-02,
69,Natasya Sabella,Menerima Luka,193656,2026-04-02,
70,Ariana Grande,we can't be friends (wait for your love),191518,2026-04-02,
71,"Charlie Puth, Selena Gomez",We Don't Talk Anymore (feat. Selena Gomez),191049,2026-04-02,
72,Pamungkas,Monolog,191036,2026-04-02,
73,"Akbar Chalay, Zynakal, ciloqciliq",Ngga Dulu,189225,2026-04-02,
74,BTS,No. 29,187775,2026-04-02,
75,Raim Laode,Lesung Pipi,186996,2026-04-02,
76,"HUNTR/X, EJAE, AUDREY NUNA, REI AMI, KPop Demon Hunters Cast",Golden,186971,2026-04-02,
77,Bruno Mars,That's What I Like,184869,2026-04-02,
78,D’MASIV,Cinta Ini Membunuhku,180462,2026-04-02,
79,One Direction,Night Changes,180433,2026-04-02,
80,"dia, Tenxi",SENCY,179974,2026-04-02,
81,Lyodra,Pesan Terakhir,177454,2026-04-02,
82,Insomniacks,Sempurna,175498,2026-04-02,
83,"Naykilla, Tenxi, Jemsii",Kasih Aba Aba,175375,2026-04-02,
84,"Tenxi, Naykilla, Jemsii",Garam & Madu (Sakit Dadaku),171748,2026-04-02,
85,Bruno Mars,Just the Way You Are,171621,2026-04-02,
86,Gigi Perez,Sailor Song,171506,2026-04-02,
87,"Maroon 5, Wiz Khalifa",Payphone,170055,2026-04-02,
88,"Aisha Retno, Aziz Harun",Ketipak Ketipung Raya,169426,2026-04-02,
89,Batas Senja,Nanti Kita Seperti Ini,168483,2026-04-02,
90,Mahalini,Bawa Dia Kembali,165032,2026-04-02,
91,"Tenxi, Jemsii",Bintang 5,164750,2026-04-02,
92,Lana Del Rey,Cinnamon Girl,164610,2026-04-02,
93,Mimifly,Serumpun,164321,2026-04-02,
94,Jay Chou,那天下雨了,163430,2026-04-02,
95,Iklim,Bukan Ku Tak Sudi,162989,2026-04-02,
96,"Zizan Razak, Kaka Azraff",Bawaku Pergi,162230,2026-04-02,
97,"Jung Kook, Latto",Seven (feat. Latto) (Explicit Ver.),161730,2026-04-02,
98,Kerispatih,Tapi Bukan Aku,161407,2026-04-02,
99,Seventeen,Untuk Mencintaimu,161191,2026-04-02,
100,Insomniacks,Pulang,160996,2026-04-02,
101,Sheila On 7,Dan...,160866,2026-04-02,
102,Charlie Puth,Attention,159645,2026-04-02,
103,Luqman Faiz,Kepuraanmu,159437,2026-04-02,
104,SAMSONS,Kenangan Terindah,159383,2026-04-02,
105,Rahmat,Siapa Di Hatimu,158873,2026-04-02,
106,Arctic Monkeys,I Wanna Be Yours,158755,2026-04-02,
107,Daniel Caesar,Always,158425,2026-04-02,
108,Insomniacks,Reminisensi,157032,2026-04-02,
109,The Marías,No One Noticed,153813,2026-04-02,
110,Bruno Mars,I Just Might,153632,2026-04-02,
111,"The Weeknd, Daft Punk",Starboy,153430,2026-04-02,
112,Rombongan Bodonk Koplo,Kasih Tau Mama (Malam Minggu),153411,2026-04-02,
113,Andmesh,Anugerah Terindah,152111,2026-04-02,
114,Bruno Mars,Versace on the Floor,151771,2026-04-02,
115,Hindia,everything u are,150735,2026-04-02,
116,Taylor Swift,Opalite,150414,2026-04-02,
117,Hindia,Rumah Ke Rumah,149799,2026-04-02,
118,The 1975,About You,148885,2026-04-02,
119,Sufian Suhaimi,Di Matamu,148655,2026-04-02,
120,Hyper Act,Harapan,148281,2026-04-02,
121,Hazama,Relakan Jiwa,147754,2026-04-02,
122,Cakra Khan,Kekasih Bayangan,146205,2026-04-02,
123,Ara Johari,Menjaga Jodoh Orang Lain,146160,2026-04-02,
124,Nadin Amizah,Di Akhir Perang,145596,2026-04-02,
125,SZA,Nobody Gets Me,144988,2026-04-02,
126,"Sean Kingston, Justin Bieber",Eenie Meenie,144708,2026-04-02,
127,Nabila Razali,Raya Mana?,143908,2026-04-02,
128,d4vd,Here With Me,143735,2026-04-02,
129,"Suara Kayu, Feby Putri",Kembali Pulang,143454,2026-04-02,
130,SZA,Snooze,143141,2026-04-02,
131,IamNeeta,Sakit,142574,2026-04-02,
132,"B.o.B, Bruno Mars",Nothin' on You (feat. Bruno Mars),142456,2026-04-02,
133,Raim Laode,Komang,142040,2026-04-02,
134,For Revenge,Serana,141866,2026-04-02,
135,Cigarettes After Sex,Cry,141618,2026-04-02,
136,The Lantis,Bunga Maaf,141050,2026-04-02,
137,Joji,SLOW DANCING IN THE DARK,140935,2026-04-02,
138,New West,Those Eyes,140151,2026-04-02,
139,De Fam,Alamak Raya Lagi!,139889,2026-04-02,
140,Batas Senja,Kita Usahakan Lagi,139797,2026-04-02,
141,Sofaz,Dan Bila Esok,139497,2026-04-02,
142,"Kendrick Lamar, SZA",luther (with sza),139329,2026-04-02,
143,LNGSHOT,Moonwalkin',139098,2026-04-02,
144,The Weeknd,Die For You,139053,2026-04-02,
145,dia,EEEE A,138889,2026-04-02,
146,Anuar Zain,Sedetik Lebih,138525,2026-04-02,
147,"Kendrick Lamar, SZA","All The Stars (with SZA) - From ""Black Panther: The Album""",138488,2026-04-02,
148,Screen,Bila Cinta Di Dusta,138362,2026-04-02,
149,LNGSHOT,Never Let Go,138246,2026-04-02,
150,Noh Salleh,Rahsia Tuhan,137817,2026-04-02,
151,Andra & The Backbone,Sempurna,137406,2026-04-02,
152,"Rizky Febian, Adrian Khalif",Alamak,137325,2026-04-02,
153,ILLIT,NOT CUTE ANYMORE,137168,2026-04-02,
154,Sabrina Carpenter,Manchild,137154,2026-04-02,
155,Anuar & Ellina,Suasana Di Hari Raya,137022,2026-04-02,
156,"Justin Bieber, Chance the Rapper",Confident,136861,2026-04-02,
157,"Feby Putri, Fiersa Besari",Runtuh,136602,2026-04-02,
158,James Arthur,Car's Outside,136263,2026-04-02,
159,Noah,Separuh Aku,136248,2026-04-02,
160,Keane,Somewhere Only We Know,135469,2026-04-02,
161,"Rombongan Bodonk Koplo, Ncum",Calon Mantu Idaman (feat. Ncum),135346,2026-04-02,
162,Budak Kacamata,Bintang,135070,2026-04-02,
163,Dayang Nurfaizah,Senyum Gugur Di Penghujung Doa,134757,2026-04-02,
164,Hyper Act,Takkan Pergi,134551,2026-04-02,
165,Marcell,Firasat,134535,2026-04-02,
166,Olivia Dean,Man I Need,134325,2026-04-02,
167,Coldplay,Yellow,133883,2026-04-02,
168,Black,Sofea Jane,133651,2026-04-02,
169,Iman Troye,Pejam Celik Hari Raya,133580,2026-04-02,
170,RAYE,WHERE IS MY HUSBAND!,133532,2026-04-02,
171,"ROSÉ, Bruno Mars",APT.,132715,2026-04-02,
172,Harry Styles,Sign of the Times,132284,2026-04-02,
173,Kerispatih,Mengenangmu,131940,2026-04-02,
174,Ed Sheeran,Photograph,131918,2026-04-02,
175,Drama Band,Biarkanlah,131349,2026-04-02,
176,"DJ Snake, Justin Bieber",Let Me Love You,131313,2026-04-02,
177,Justin Bieber,Ghost,130988,2026-04-02,
178,Raim Laode,Bersenja Gurau,130564,2026-04-02,
179,Cup of Joe,Multo,130159,2026-04-02,
180,Afgan,Jodoh Pasti Bertemu,130129,2026-04-02,
181,Gracie Abrams,That’s So True,130036,2026-04-02,
182,ROSÉ,number one girl,129953,2026-04-02,
183,Taylor Swift,Style,129787,2026-04-02,
184,"Ariana Grande, The Weeknd",Love Me Harder,129700,2026-04-02,
185,"Sai Abhyankkar, Shruti Haasan, Vivek","Pavazha Malli - From ""Think Indie""",129539,2026-04-02,
186,Olivia Rodrigo,traitor,129508,2026-04-02,
187,"Zynakal, Zamir Harith, Mojack Hafiz, Bel Janni",Dalam Diam,129446,2026-04-02,
188,Anuar Zain,Andainya Takdir,127926,2026-04-02,
189,Jinbara,Kasihnya Laila,127775,2026-04-02,
190,Mega,Bayangan Gurauan,127486,2026-04-02,
191,"Iman Troye, Asslahierah",Jemput Jemput Raya,127336,2026-04-02,
192,Coldplay,Sparks,126937,2026-04-02,
193,Fabio Asher,Rumah Singgah,126730,2026-04-02,
194,Slam,Tak Mungkin Berpaling,125416,2026-04-02,
195,The Goo Goo Dolls,Iris,125299,2026-04-02,
196,Malcolm Todd,Sweet Boy,125107,2026-04-02,
197,Ruth B.,Dandelions,124592,2026-04-02,
198,Joji,Glimpse of Us,124526,2026-04-02,
199,BLACKPINK,GO,123879,2026-04-02,
200,Ariana Grande,One Last Time,123769,2026-04-02,
1,Aisha Retno,Jodoh Lebaran,1024431,2026-03-26,
2,Bruno Mars,Risk It All,906526,2026-03-26,
3,BTS,SWIM,692238,2026-03-26,
4,Nadhif Basalamah,kota ini tak sama tanpamu,535118,2026-03-26,
5,Piche Kota,Bahagia Lagi,534950,2026-03-26,
6,Anuar & Ellina,Suasana Di Hari Raya,502516,2026-03-26,
7,BTS,Body to Body,470514,2026-03-26,
8,"Daiyan Trisha, Alfie Zumi",Jom Raya,436300,2026-03-26,
9,Sufian Suhaimi,Kasih Lebaran,435757,2026-03-26,
10,Idgitaf,Sedia Aku Sebelum Hujan,426531,2026-03-26,
11,"Amira Othman, Irfan Haris",Bincang Raya,423392,2026-03-26,
12,Nadhif Basalamah,bergema sampai selamanya,421873,2026-03-26,
13,"Uji Rashid, Hail Amir",Seloka Hari Raya,399663,2026-03-26,
14,"Aisha Retno, Aziz Harun",Ketipak Ketipung Raya,397175,2026-03-26,
15,Nabila Razali,Raya Mana?,384033,2026-03-26,
16,Mimifly,Serumpun,374540,2026-03-26,
17,Dayangku Intan,Senandung Hari Raya Untukmu,370253,2026-03-26,
18,Iman Troye,Pejam Celik Hari Raya,368234,2026-03-26,
19,Dato' Sri Siti Nurhaliza,Sesuci Lebaran,359698,2026-03-26,
20,BTS,Hooligan,349297,2026-03-26,
21,BTS,NORMAL,346472,2026-03-26,
22,SIENNA SPIRO,Die On This Hill,344700,2026-03-26,
23,De Fam,Alamak Raya Lagi!,344340,2026-03-26,
24,Sal Priadi,Ada titik-titik di ujung doa,344182,2026-03-26,
25,M. Nasir,Satu Hari Di Hari Raya,333922,2026-03-26,
26,BTS,FYA,326910,2026-03-26,
27,Rahimah Rahim,Selamat Berhari Raya,320968,2026-03-26,
28,DOLLA,Raya Raya Raya,314599,2026-03-26,
29,"PinkPantheress, Zara Larsson",Stateside + Zara Larsson,312526,2026-03-26,
30,"dia, INDAHKUS",MALU MALU,312306,2026-03-26,
31,Dato' DJ Dave,Menjelang Hari Raya,312284,2026-03-26,
32,sombr,back to friends,311433,2026-03-26,
33,Naykilla,SO ASU,310369,2026-03-26,
34,BTS,Aliens,306154,2026-03-26,
35,Puan Sri Saloma,Selamat Hari Raya,303942,2026-03-26,
36,BTS,Like Animals,303245,2026-03-26,
37,Datuk Sharifah Aini,Suasana Hari Raya,302398,2026-03-26,
38,BTS,2,292312,2026-03-26,
39,BTS,Merry Go Round,291599,2026-03-26,
40,"Zizan Razak, Wani Kayrie, Dinda Dania, MissAlvy",Nyam Nyam Ketupat,287962,2026-03-26,
41,Dato' Sudirman,Balik Kampung,285058,2026-03-26,
42,Nuca,"Masa ini, Nanti, dan Masa Indah Lainnya",284810,2026-03-26,
43,Taylor Swift,The Fate of Ophelia,284731,2026-03-26,
44,"Dave, Tems",Raindance (feat. Tems),278660,2026-03-26,
45,BTS,they don’t know ’bout us,277533,2026-03-26,
46,Azlina Aziz,Indahnya Beraya Di Desa,273973,2026-03-26,
47,"Hael Husaini, Nadeera",Meriah Lain Macam,271445,2026-03-26,
48,Olivia Dean,So Easy (To Fall In Love),271019,2026-03-26,
49,BTS,One More Night,262578,2026-03-26,
50,Billie Eilish,WILDFLOWER,261909,2026-03-26,
51,Mamat,Ku Pohon Restu Ayah & Ibu,261424,2026-03-26,
52,BTS,Please,254767,2026-03-26,
53,Djo,End of Beginning,245264,2026-03-26,
54,Dato' Sri Siti Nurhaliza,Nazam Lebaran,243685,2026-03-26,
55,"Dato' Sri Aliff Syukri, Datin Sri Nur Shahida, Qadeejah, Ammar Ahyan",Mama Papa Raya,243454,2026-03-26,
56,Nadhif Basalamah,penjaga hati,242318,2026-03-26,
57,Ravyn Lenae,Love Me Not,241920,2026-03-26,
58,"Lady Gaga, Bruno Mars",Die With A Smile,239187,2026-03-26,
59,BTS,No. 29,236433,2026-03-26,
60,BTS,Into the Sun,235185,2026-03-26,
61,Alpha,P Ramlee Saloma,233032,2026-03-26,
62,Dominic Fike,Babydoll,231682,2026-03-26,
63,"Silet Open Up, Jacson Seran, Juan Reza, Diva Aurel",TABOLA BALE,229561,2026-03-26,
64,"IamNeeta, Najwa Latif, Mimie Haris, Deanna Hussin",Hari Raya,229458,2026-03-26,
65,Noorkumalasari,Pulang Di Hari Raya,228242,2026-03-26,
66,"Nadhif Basalamah, Aziz Harun, Aisha Retno",kota ini tak sama tanpamu (with Aziz Harun & Aisha Retno),223902,2026-03-26,
67,"Iman Troye, Dato' Sri Aliff Syukri",Raya ya ya,223565,2026-03-26,
68,Nyanyian Ramai,Warna Warni Aidilfitri,221971,2026-03-26,
69,Hyper Act,Hanya Aku,219874,2026-03-26,
70,Billie Eilish,BIRDS OF A FEATHER,219722,2026-03-26,
71,Daniel Caesar,Who Knows,216620,2026-03-26,
72,Aina Abdul,Berkunjung Di Hari Raya,210308,2026-03-26,
73,Bruno Mars,It Will Rain,208503,2026-03-26,
74,Hearts2Hearts,RUDE!,207844,2026-03-26,
75,"Tenxi, Suisei, Jemsii",mejikuhibiniu,207150,2026-03-26,
76,She & Him,I Thought I Saw Your Face Today,206810,2026-03-26,
77,KATSEYE,Gabriela,204959,2026-03-26,
78,"Fourtwnty, Charita Utami",Mangu,204729,2026-03-26,
79,Dayang Nurfaizah,Senyum Gugur Di Penghujung Doa,204528,2026-03-26,
80,Cenderawasih,Bersama Di Hari Raya,203795,2026-03-26,
81,The Script,The Man Who Can't Be Moved,201568,2026-03-26,
82,Datuk Ahmad Jais,Selamat Hari Raya,197179,2026-03-26,
83,"Akbar Chalay, Zynakal, ciloqciliq",Ngga Dulu,196561,2026-03-26,
84,JENNIE,like JENNIE,196415,2026-03-26,
85,Junainah M.Amin,Suasana Riang Di Hari Raya,194160,2026-03-26,
86,ALYPH,Ingat,193750,2026-03-26,
87,"Iman Troye, Asslahierah",Jemput Jemput Raya,192972,2026-03-26,
88,Dato' Sudirman,Dari Jauh Kupohon Maaf,190764,2026-03-26,
89,Dato' Sri Siti Nurhaliza,Air Mata Syawal,189922,2026-03-26,
90,"HUNTR/X, EJAE, AUDREY NUNA, REI AMI, KPop Demon Hunters Cast",Golden,188659,2026-03-26,
91,Hafiz Suip,Bahagiamu Deritaku,188585,2026-03-26,
92,Aman Shah,Kepulangan Yang Di Nanti,188052,2026-03-26,
93,Black Dog Bone,Cahaya Aidilfitri,187810,2026-03-26,
94,"dia, Tenxi",SENCY,187457,2026-03-26,
95,"The Weeknd, JENNIE, Lily-Rose Depp","One Of The Girls (with JENNIE, Lily Rose Depp)",186066,2026-03-26,
96,De Fam,Pok Pek Raya,185264,2026-03-26,
97,"Naykilla, Tenxi, Jemsii",Kasih Aba Aba,183757,2026-03-26,
98,Sanisah Huri,Aidilfitri,180244,2026-03-26,
99,Dato' Sri Siti Nurhaliza,Anugerah Aidilfitri,179831,2026-03-26,
100,Bruno Mars,Talking to the Moon,178265,2026-03-26,
101,Khairil Johari Johar,Sepasang Kurung Biru,177474,2026-03-26,
102,Hael Husaini,Bersyukur Seadanya,176668,2026-03-26,
103,"Tenxi, Naykilla, Jemsii",Garam & Madu (Sakit Dadaku),176310,2026-03-26,
104,Madison Beer,bittersweet,176190,2026-03-26,
105,"Tenxi, Jemsii",Bintang 5,176062,2026-03-26,
106,Bruno Mars,That's What I Like,175187,2026-03-26,
107,Natasya Sabella,Menerima Luka,174389,2026-03-26,
108,Pamungkas,Monolog,172776,2026-03-26,
109,Bruno Mars,When I Was Your Man,171721,2026-03-26,
110,"Charlie Puth, Selena Gomez",We Don't Talk Anymore (feat. Selena Gomez),170762,2026-03-26,
111,Bruno Mars,Locked out of Heaven,168692,2026-03-26,
112,Rafeah Buang,Bila Takbir Bergema,168132,2026-03-26,
113,Raim Laode,Lesung Pipi,167226,2026-03-26,
114,Anggis Devaki,Dirimu Yang Dulu,164376,2026-03-26,
115,Mojo,Romancinta,161468,2026-03-26,
116,Gigi Perez,Sailor Song,160228,2026-03-26,
117,Alyah,Sesal Separuh Nyawa,159455,2026-03-26,
118,One Direction,Night Changes,157208,2026-03-26,
119,D’MASIV,Cinta Ini Membunuhku,156883,2026-03-26,
120,Insomniacks,Sempurna,156278,2026-03-26,
121,Ariana Grande,we can't be friends (wait for your love),155541,2026-03-26,
122,Insomniacks,Pulang,155061,2026-03-26,
123,Katy Perry,The One That Got Away,154819,2026-03-26,
124,Aishah,Pulanglah,153049,2026-03-26,
125,"Hael Husaini, DOLLA",Suara Lebaran Kita,152226,2026-03-26,
126,Aufahanie,Si Dara Raya,150886,2026-03-26,
127,Batas Senja,Nanti Kita Seperti Ini,150876,2026-03-26,
128,Seventeen,Untuk Mencintaimu,150067,2026-03-26,
129,Adira Suhaimi,Sayang Orang Sama,149513,2026-03-26,
130,"Jung Kook, Latto",Seven (feat. Latto) (Explicit Ver.),149443,2026-03-26,
131,"Maroon 5, Wiz Khalifa",Payphone,149336,2026-03-26,
132,Kerispatih,Tapi Bukan Aku,149067,2026-03-26,
133,Arctic Monkeys,I Wanna Be Yours,148528,2026-03-26,
134,The Marías,No One Noticed,148091,2026-03-26,
135,M. Nasir,Salam Dunia,148021,2026-03-26,
136,"Tame Impala, JENNIE",Dracula - JENNIE Remix,147377,2026-03-26,
137,Tan Sri P. Ramlee,Dendang Perantau,146860,2026-03-26,
138,Bruno Mars,Just the Way You Are,146200,2026-03-26,
139,"Zizan Razak, Kaka Azraff",Bawaku Pergi,145785,2026-03-26,
140,Bunkface,Anugerah Syawal,145017,2026-03-26,
141,Sheila On 7,Dan...,144416,2026-03-26,
142,Rombongan Bodonk Koplo,Kasih Tau Mama (Malam Minggu),142993,2026-03-26,
143,ILLIT,NOT CUTE ANYMORE,142359,2026-03-26,
144,Insomniacks,Reminisensi,141717,2026-03-26,
145,Lana Del Rey,Cinnamon Girl,141336,2026-03-26,
146,Andmesh,Anugerah Terindah,141064,2026-03-26,
147,Bruno Mars,I Just Might,140979,2026-03-26,
148,Taylor Swift,Opalite,140911,2026-03-26,
149,"Faizal Tahir, Senariounion",Bila Lagi Nak Jumpa,140510,2026-03-26,
150,dia,EEEE A,140318,2026-03-26,
151,Iklim,Bukan Ku Tak Sudi,140131,2026-03-26,
152,Charlie Puth,Attention,139246,2026-03-26,
153,Dato' Sri Siti Nurhaliza,Bila Hari Raya Menjelma,138763,2026-03-26,
154,Ifan Seventeen,Jangan Paksa Rindu - Beda,138463,2026-03-26,
155,Sanisah Huri,Bersabarlah Sayang,138437,2026-03-26,
156,BLACKPINK,GO,137531,2026-03-26,
157,Lyodra,Pesan Terakhir,137319,2026-03-26,
158,Bruno Mars,Versace on the Floor,134959,2026-03-26,
159,SAMSONS,Kenangan Terindah,134915,2026-03-26,
160,LNGSHOT,Moonwalkin',134851,2026-03-26,
161,Hindia,everything u are,133386,2026-03-26,
162,"B.o.B, Bruno Mars",Nothin' on You (feat. Bruno Mars),133223,2026-03-26,
163,Andra & The Backbone,Sempurna,132946,2026-03-26,
164,"The Weeknd, Daft Punk",Starboy,132930,2026-03-26,
165,Hyper Act,Takkan Pergi,132616,2026-03-26,
166,Joji,SLOW DANCING IN THE DARK,132572,2026-03-26,
167,Hindia,Rumah Ke Rumah,132562,2026-03-26,
168,d4vd,Here With Me,131901,2026-03-26,
169,The 1975,About You,131398,2026-03-26,
170,Mahalini,Bawa Dia Kembali,130599,2026-03-26,
171,Daniel Caesar,Always,129671,2026-03-26,
172,Sabrina Carpenter,Manchild,129094,2026-03-26,
173,Budak Kacamata,Bintang,128473,2026-03-26,
174,Sufian Suhaimi,Di Matamu,126943,2026-03-26,
175,SZA,Snooze,126879,2026-03-26,
176,LNGSHOT,Never Let Go,126642,2026-03-26,
177,Olivia Dean,Man I Need,126277,2026-03-26,
178,"Justin Bieber, Chance the Rapper",Confident,125495,2026-03-26,
179,"ROSÉ, Bruno Mars",APT.,125450,2026-03-26,
180,Noh Salleh,Rahsia Tuhan,125090,2026-03-26,
181,"Rizky Febian, Adrian Khalif",Alamak,125069,2026-03-26,
182,"Suara Kayu, Feby Putri",Kembali Pulang,125058,2026-03-26,
183,Raim Laode,Komang,125051,2026-03-26,
184,Batas Senja,Kita Usahakan Lagi,124819,2026-03-26,
185,"Sai Abhyankkar, Shruti Haasan, Vivek","Pavazha Malli - From ""Think Indie""",124108,2026-03-26,
186,Fazidah Joned,Selamat Hari Raya,123708,2026-03-26,
187,"Rombongan Bodonk Koplo, Ncum",Calon Mantu Idaman (feat. Ncum),123653,2026-03-26,
188,Coldplay,Yellow,122465,2026-03-26,
189,"Sean Kingston, Justin Bieber",Eenie Meenie,122101,2026-03-26,
190,Datuk Sharifah Aini,Nostalgia Aidilfitri,121739,2026-03-26,
191,Cigarettes After Sex,Cry,121715,2026-03-26,
192,Ed Sheeran,Photograph,121705,2026-03-26,
193,The Weeknd,Die For You,121672,2026-03-26,
194,For Revenge,Serana,121596,2026-03-26,
195,The Goo Goo Dolls,Iris,121586,2026-03-26,
196,New West,Those Eyes,121464,2026-03-26,
197,"Nabila Razali, Nabil Ahmad",Tak Sabar Nak Raya (feat. Nabil Ahmad),121287,2026-03-26,
198,"Kendrick Lamar, SZA",luther (with sza),121065,2026-03-26,
199,Cup of Joe,Multo,120852,2026-03-26,
200,Hazama,Relakan Jiwa,120846,2026-03-26,
1,Bruno Mars,Risk It All,1257134,2026-03-19,
2,Aisha Retno,Jodoh Lebaran,964975,2026-03-19,
3,Nadhif Basalamah,kota ini tak sama tanpamu,627824,2026-03-19,
4,Piche Kota,Bahagia Lagi,606810,2026-03-19,
5,Anuar & Ellina,Suasana Di Hari Raya,545862,2026-03-19,
6,Idgitaf,Sedia Aku Sebelum Hujan,510873,2026-03-19,
7,Nadhif Basalamah,bergema sampai selamanya,501279,2026-03-19,
8,SIENNA SPIRO,Die On This Hill,452907,2026-03-19,
9,"Uji Rashid, Hail Amir",Seloka Hari Raya,452813,2026-03-19,
10,Sufian Suhaimi,Kasih Lebaran,448271,2026-03-19,
11,Dato' Sri Siti Nurhaliza,Sesuci Lebaran,447077,2026-03-19,
12,Dayangku Intan,Senandung Hari Raya Untukmu,409740,2026-03-19,
13,M. Nasir,Satu Hari Di Hari Raya,405767,2026-03-19,
14,Iman Troye,Pejam Celik Hari Raya,401272,2026-03-19,
15,Mimifly,Serumpun,396698,2026-03-19,
16,Sal Priadi,Ada titik-titik di ujung doa,388577,2026-03-19,
17,Rahimah Rahim,Selamat Berhari Raya,386712,2026-03-19,
18,Nabila Razali,Raya Mana?,382977,2026-03-19,
19,"Aisha Retno, Aziz Harun",Ketipak Ketipung Raya,381042,2026-03-19,
20,sombr,back to friends,378262,2026-03-19,
21,"PinkPantheress, Zara Larsson",Stateside + Zara Larsson,372571,2026-03-19,
22,Dato' DJ Dave,Menjelang Hari Raya,371426,2026-03-19,
23,Puan Sri Saloma,Selamat Hari Raya,369415,2026-03-19,
24,Naykilla,SO ASU,353311,2026-03-19,
25,"Daiyan Trisha, Alfie Zumi",Jom Raya,352834,2026-03-19,
26,De Fam,Alamak Raya Lagi!,352735,2026-03-19,
27,Taylor Swift,The Fate of Ophelia,350525,2026-03-19,
28,"Amira Othman, Irfan Haris",Bincang Raya,346652,2026-03-19,
29,Mamat,Ku Pohon Restu Ayah & Ibu,341477,2026-03-19,
30,Billie Eilish,WILDFLOWER,339591,2026-03-19,
31,DOLLA,Raya Raya Raya,336526,2026-03-19,
32,Datuk Sharifah Aini,Suasana Hari Raya,334282,2026-03-19,
33,Olivia Dean,So Easy (To Fall In Love),334108,2026-03-19,
34,Dato' Sudirman,Balik Kampung,316983,2026-03-19,
35,Nuca,"Masa ini, Nanti, dan Masa Indah Lainnya",316291,2026-03-19,
36,Azlina Aziz,Indahnya Beraya Di Desa,309287,2026-03-19,
37,Dato' Sri Siti Nurhaliza,Nazam Lebaran,306437,2026-03-19,
38,"Hael Husaini, Nadeera",Meriah Lain Macam,303085,2026-03-19,
39,"dia, INDAHKUS",MALU MALU,302734,2026-03-19,
40,"Dave, Tems",Raindance (feat. Tems),298298,2026-03-19,
41,"Silet Open Up, Jacson Seran, Juan Reza, Diva Aurel",TABOLA BALE,290850,2026-03-19,
42,"Lady Gaga, Bruno Mars",Die With A Smile,290186,2026-03-19,
43,Djo,End of Beginning,290091,2026-03-19,
44,Nadhif Basalamah,penjaga hati,288900,2026-03-19,
45,"Dato' Sri Aliff Syukri, Datin Sri Nur Shahida, Qadeejah, Ammar Ahyan",Mama Papa Raya,285244,2026-03-19,
46,Nyanyian Ramai,Warna Warni Aidilfitri,284374,2026-03-19,
47,Alpha,P Ramlee Saloma,284029,2026-03-19,
48,Noorkumalasari,Pulang Di Hari Raya,279516,2026-03-19,
49,"Nadhif Basalamah, Aziz Harun, Aisha Retno",kota ini tak sama tanpamu (with Aziz Harun & Aisha Retno),273572,2026-03-19,
50,Ravyn Lenae,Love Me Not,273461,2026-03-19,
51,Jin,Don’t Say You Love Me,273140,2026-03-19,
52,Bruno Mars,It Will Rain,270004,2026-03-19,
53,Daniel Caesar,Who Knows,266333,2026-03-19,
54,Cenderawasih,Bersama Di Hari Raya,263722,2026-03-19,
55,"Fourtwnty, Charita Utami",Mangu,257585,2026-03-19,
56,Billie Eilish,BIRDS OF A FEATHER,257256,2026-03-19,
57,"Zizan Razak, Wani Kayrie, Dinda Dania, MissAlvy",Nyam Nyam Ketupat,256516,2026-03-19,
58,Junainah M.Amin,Suasana Riang Di Hari Raya,248829,2026-03-19,
59,She & Him,I Thought I Saw Your Face Today,248227,2026-03-19,
60,Dato' Sri Siti Nurhaliza,Air Mata Syawal,247459,2026-03-19,
61,JENNIE,like JENNIE,246248,2026-03-19,
62,Hyper Act,Hanya Aku,245196,2026-03-19,
63,Datuk Ahmad Jais,Selamat Hari Raya,244668,2026-03-19,
64,Dato' Sudirman,Dari Jauh Kupohon Maaf,243132,2026-03-19,
65,"Iman Troye, Dato' Sri Aliff Syukri",Raya ya ya,242359,2026-03-19,
66,Sanisah Huri,Aidilfitri,240739,2026-03-19,
67,"Tenxi, Suisei, Jemsii",mejikuhibiniu,238548,2026-03-19,
68,Dayang Nurfaizah,Senyum Gugur Di Penghujung Doa,237892,2026-03-19,
69,The Script,The Man Who Can't Be Moved,237196,2026-03-19,
70,KATSEYE,Gabriela,236909,2026-03-19,
71,Hearts2Hearts,RUDE!,236130,2026-03-19,
72,Anggis Devaki,Dirimu Yang Dulu,235020,2026-03-19,
73,"The Weeknd, JENNIE, Lily-Rose Depp","One Of The Girls (with JENNIE, Lily Rose Depp)",234625,2026-03-19,
74,Aman Shah,Kepulangan Yang Di Nanti,232206,2026-03-19,
75,Black Dog Bone,Cahaya Aidilfitri,230626,2026-03-19,
76,Rafeah Buang,Bila Takbir Bergema,230227,2026-03-19,
77,Madison Beer,bittersweet,226876,2026-03-19,
78,ALYPH,Ingat,225925,2026-03-19,
79,"IamNeeta, Najwa Latif, Mimie Haris, Deanna Hussin",Hari Raya,225473,2026-03-19,
80,"Akbar Chalay, Zynakal, ciloqciliq",Ngga Dulu,223995,2026-03-19,
81,Hafiz Suip,Bahagiamu Deritaku,223693,2026-03-19,
82,Khairil Johari Johar,Sepasang Kurung Biru,221127,2026-03-19,
83,"dia, Tenxi",SENCY,215883,2026-03-19,
84,Natasya Sabella,Menerima Luka,214383,2026-03-19,
85,Aina Abdul,Berkunjung Di Hari Raya,213171,2026-03-19,
86,"Naykilla, Tenxi, Jemsii",Kasih Aba Aba,210812,2026-03-19,
87,"HUNTR/X, EJAE, AUDREY NUNA, REI AMI, KPop Demon Hunters Cast",Golden,208529,2026-03-19,
88,Bruno Mars,Talking to the Moon,208172,2026-03-19,
89,Bruno Mars,When I Was Your Man,207727,2026-03-19,
90,Hael Husaini,Bersyukur Seadanya,205713,2026-03-19,
91,Dato' Sri Siti Nurhaliza,Anugerah Aidilfitri,205564,2026-03-19,
92,Alyah,Sesal Separuh Nyawa,202307,2026-03-19,
93,Bruno Mars,Locked out of Heaven,201862,2026-03-19,
94,De Fam,Pok Pek Raya,201725,2026-03-19,
95,"Tenxi, Naykilla, Jemsii",Garam & Madu (Sakit Dadaku),199531,2026-03-19,
96,"Tenxi, Jemsii",Bintang 5,199253,2026-03-19,
97,Gigi Perez,Sailor Song,196546,2026-03-19,
98,D’MASIV,Cinta Ini Membunuhku,195316,2026-03-19,
99,Dominic Fike,Babydoll,194530,2026-03-19,
100,Sanisah Huri,Bersabarlah Sayang,193620,2026-03-19,
101,Pamungkas,Monolog,193272,2026-03-19,
102,BLACKPINK,GO,192430,2026-03-19,
103,Aishah,Pulanglah,191003,2026-03-19,
104,Ariana Grande,we can't be friends (wait for your love),190921,2026-03-19,
105,"Charlie Puth, Selena Gomez",We Don't Talk Anymore (feat. Selena Gomez),190865,2026-03-19,
106,Ifan Seventeen,Jangan Paksa Rindu - Beda,189622,2026-03-19,
107,Bruno Mars,That's What I Like,189157,2026-03-19,
108,Insomniacks,Sempurna,187329,2026-03-19,
109,Tan Sri P. Ramlee,Dendang Perantau,186443,2026-03-19,
110,Kerispatih,Tapi Bukan Aku,184651,2026-03-19,
111,Seventeen,Untuk Mencintaimu,184409,2026-03-19,
112,Raim Laode,Lesung Pipi,184155,2026-03-19,
113,Dato' Sri Siti Nurhaliza,Bila Hari Raya Menjelma,180875,2026-03-19,
114,The Marías,No One Noticed,179462,2026-03-19,
115,"Hael Husaini, DOLLA",Suara Lebaran Kita,179344,2026-03-19,
116,Lana Del Rey,Cinnamon Girl,178995,2026-03-19,
117,M. Nasir,Salam Dunia,177893,2026-03-19,
118,SAMSONS,Kenangan Terindah,177828,2026-03-19,
119,Insomniacks,Reminisensi,177731,2026-03-19,
120,Arctic Monkeys,I Wanna Be Yours,177111,2026-03-19,
121,One Direction,Night Changes,177094,2026-03-19,
122,Bruno Mars,I Just Might,176191,2026-03-19,
123,Lyodra,Pesan Terakhir,175611,2026-03-19,
124,Insomniacks,Pulang,173480,2026-03-19,
125,Bruno Mars,Versace on the Floor,172562,2026-03-19,
126,Fazidah Joned,Selamat Hari Raya,171130,2026-03-19,
127,Batas Senja,Nanti Kita Seperti Ini,170646,2026-03-19,
128,"Maroon 5, Wiz Khalifa",Payphone,170460,2026-03-19,
129,Hindia,everything u are,168069,2026-03-19,
130,"Zizan Razak, Kaka Azraff",Bawaku Pergi,167530,2026-03-19,
131,Bruno Mars,Just the Way You Are,166728,2026-03-19,
132,Taylor Swift,Opalite,166596,2026-03-19,
133,Sheila On 7,Dan...,166381,2026-03-19,
134,Katy Perry,The One That Got Away,166066,2026-03-19,
135,Andmesh,Anugerah Terindah,165190,2026-03-19,
136,Joji,SLOW DANCING IN THE DARK,165156,2026-03-19,
137,ILLIT,NOT CUTE ANYMORE,165018,2026-03-19,
138,Mahalini,Bawa Dia Kembali,164419,2026-03-19,
139,Bruno Mars,Dance With Me,163765,2026-03-19,
140,Datuk Sharifah Aini,Nostalgia Aidilfitri,163590,2026-03-19,
141,"Jung Kook, Latto",Seven (feat. Latto) (Explicit Ver.),163443,2026-03-19,
142,"The Weeknd, Daft Punk",Starboy,162528,2026-03-19,
143,dia,EEEE A,161660,2026-03-19,
144,Rombongan Bodonk Koplo,Kasih Tau Mama (Malam Minggu),161223,2026-03-19,
145,Charlie Puth,Attention,158055,2026-03-19,
146,Jalil Hamid,Raya,157752,2026-03-19,
147,"Dato' Sri Siti Nurhaliza, Noraniza Idris, Liza Hanim, Anis Suraya",Aidilfitri Di Alaf Baru,157716,2026-03-19,
148,The 1975,About You,157594,2026-03-19,
149,Daniel Caesar,Always,156139,2026-03-19,
150,"Tame Impala, JENNIE",Dracula - JENNIE Remix,156098,2026-03-19,
151,Sufian Suhaimi,Di Matamu,155732,2026-03-19,
152,Budak Kacamata,Bintang,155727,2026-03-19,
153,LNGSHOT,Moonwalkin',154272,2026-03-19,
154,Luqman Faiz,Kepuraanmu,153256,2026-03-19,
155,Mojo,Romancinta,152986,2026-03-19,
156,SZA,Nobody Gets Me,152762,2026-03-19,
157,Hindia,Rumah Ke Rumah,152285,2026-03-19,
158,Ara Johari,Menjaga Jodoh Orang Lain,150869,2026-03-19,
159,Jamal Abdillah,Salam Aidilfitri,150250,2026-03-19,
160,Ning Baizura,Joget Aidilfitri,149670,2026-03-19,
161,ROSÉ,number one girl,149623,2026-03-19,
162,"B.o.B, Bruno Mars",Nothin' on You (feat. Bruno Mars),149588,2026-03-19,
163,Hyper Act,Takkan Pergi,149071,2026-03-19,
164,"Sean Kingston, Justin Bieber",Eenie Meenie,147839,2026-03-19,
165,BLACKPINK,Champion,147526,2026-03-19,
166,Marcell,Firasat,147422,2026-03-19,
167,Anuar Zain,Sedetik Lebih,147258,2026-03-19,
168,New West,Those Eyes,147011,2026-03-19,
169,Andra & The Backbone,Sempurna,146550,2026-03-19,
170,Hazama,Relakan Jiwa,146493,2026-03-19,
171,Olivia Dean,Man I Need,146027,2026-03-19,
172,LNGSHOT,Never Let Go,146026,2026-03-19,
173,The Weeknd,Die For You,145843,2026-03-19,
174,Cigarettes After Sex,Cry,145805,2026-03-19,
175,d4vd,Here With Me,145649,2026-03-19,
176,Sabrina Carpenter,Manchild,145556,2026-03-19,
177,Iklim,Bukan Ku Tak Sudi,144956,2026-03-19,
178,SZA,Snooze,143880,2026-03-19,
179,"Kendrick Lamar, SZA",luther (with sza),143813,2026-03-19,
180,"Justin Bieber, Chance the Rapper",Confident,142949,2026-03-19,
181,Hyper Act,Harapan,141890,2026-03-19,
182,Kerispatih,Mengenangmu,141758,2026-03-19,
183,"Rizky Febian, Adrian Khalif",Alamak,141587,2026-03-19,
184,Cup of Joe,Multo,141465,2026-03-19,
185,Noh Salleh,Rahsia Tuhan,141256,2026-03-19,
186,The Goo Goo Dolls,Iris,141089,2026-03-19,
187,James Arthur,Car's Outside,141071,2026-03-19,
188,Drama Band,Biarkanlah,141024,2026-03-19,
189,Batas Senja,Kita Usahakan Lagi,140248,2026-03-19,
190,"DJ Snake, Justin Bieber",Let Me Love You,140195,2026-03-19,
191,"Suara Kayu, Feby Putri",Kembali Pulang,139833,2026-03-19,
192,Joji,Glimpse of Us,139781,2026-03-19,
193,BLACKPINK,JUMP,139639,2026-03-19,
194,"ROSÉ, Bruno Mars",APT.,139515,2026-03-19,
195,"Zynakal, Zamir Harith, Mojack Hafiz, Bel Janni",Dalam Diam,139041,2026-03-19,
196,"Rombongan Bodonk Koplo, Ncum",Calon Mantu Idaman (feat. Ncum),138803,2026-03-19,
197,"Dato' Sudirman, Zaleha Hamid",Inang Aidilfitri,138259,2026-03-19,
198,"Kendrick Lamar, SZA","All The Stars (with SZA) - From ""Black Panther: The Album""",137217,2026-03-19,
199,For Revenge,Serana,137192,2026-03-19,
200,Noah,Separuh Aku,137094,2026-03-19,
1,Bruno Mars,Risk It All,1327172,2026-03-12,
2,Nadhif Basalamah,kota ini tak sama tanpamu,617419,2026-03-12,
3,Piche Kota,Bahagia Lagi,537322,2026-03-12,
4,Idgitaf,Sedia Aku Sebelum Hujan,509140,2026-03-12,
5,Nadhif Basalamah,bergema sampai selamanya,476496,2026-03-12,
6,SIENNA SPIRO,Die On This Hill,449569,2026-03-12,
7,Jin,Don’t Say You Love Me,403785,2026-03-12,
8,sombr,back to friends,372014,2026-03-12,
9,"PinkPantheress, Zara Larsson",Stateside + Zara Larsson,366436,2026-03-12,
10,Taylor Swift,The Fate of Ophelia,362909,2026-03-12,
11,Olivia Dean,So Easy (To Fall In Love),351471,2026-03-12,
12,Naykilla,SO ASU,349482,2026-03-12,
13,Aisha Retno,Jodoh Lebaran,344842,2026-03-12,
14,Billie Eilish,WILDFLOWER,343013,2026-03-12,
15,Sal Priadi,Ada titik-titik di ujung doa,337070,2026-03-12,
16,Djo,End of Beginning,297402,2026-03-12,
17,"Dave, Tems",Raindance (feat. Tems),294918,2026-03-12,
18,Hyper Act,Hanya Aku,294250,2026-03-12,
19,Daniel Caesar,Who Knows,285548,2026-03-12,
20,Alpha,P Ramlee Saloma,284033,2026-03-12,
21,Anuar & Ellina,Suasana Di Hari Raya,282067,2026-03-12,
22,Sufian Suhaimi,Kasih Lebaran,279344,2026-03-12,
23,BLACKPINK,GO,278225,2026-03-12,
24,She & Him,I Thought I Saw Your Face Today,274487,2026-03-12,
25,Nadhif Basalamah,penjaga hati,268157,2026-03-12,
26,Madison Beer,bittersweet,266471,2026-03-12,
27,"Nadhif Basalamah, Aziz Harun, Aisha Retno",kota ini tak sama tanpamu (with Aziz Harun & Aisha Retno),266020,2026-03-12,
28,Hafiz Suip,Bahagiamu Deritaku,265534,2026-03-12,
29,"Silet Open Up, Jacson Seran, Juan Reza, Diva Aurel",TABOLA BALE,263312,2026-03-12,
30,"Lady Gaga, Bruno Mars",Die With A Smile,263123,2026-03-12,
31,JENNIE,like JENNIE,256635,2026-03-12,
32,Ravyn Lenae,Love Me Not,256216,2026-03-12,
33,Nuca,"Masa ini, Nanti, dan Masa Indah Lainnya",253863,2026-03-12,
34,The Script,The Man Who Can't Be Moved,251375,2026-03-12,
35,Billie Eilish,BIRDS OF A FEATHER,248950,2026-03-12,
36,"Uji Rashid, Hail Amir",Seloka Hari Raya,242811,2026-03-12,
37,Bruno Mars,It Will Rain,239291,2026-03-12,
38,"Tenxi, Suisei, Jemsii",mejikuhibiniu,237586,2026-03-12,
39,"Fourtwnty, Charita Utami",Mangu,236443,2026-03-12,
40,Dato' Sri Siti Nurhaliza,Sesuci Lebaran,234570,2026-03-12,
41,KATSEYE,Gabriela,232618,2026-03-12,
42,"Akbar Chalay, Zynakal, ciloqciliq",Ngga Dulu,232470,2026-03-12,
43,Hearts2Hearts,RUDE!,228878,2026-03-12,
44,Bruno Mars,Dance With Me,228581,2026-03-12,
45,"The Weeknd, JENNIE, Lily-Rose Depp","One Of The Girls (with JENNIE, Lily Rose Depp)",227995,2026-03-12,
46,Anggis Devaki,Dirimu Yang Dulu,227116,2026-03-12,
47,Dayangku Intan,Senandung Hari Raya Untukmu,220382,2026-03-12,
48,Natasya Sabella,Menerima Luka,219169,2026-03-12,
49,Pamungkas,Monolog,216106,2026-03-12,
50,Mimifly,Serumpun,212930,2026-03-12,
51,Iman Troye,Pejam Celik Hari Raya,211558,2026-03-12,
52,BLACKPINK,Champion,209243,2026-03-12,
53,Rahimah Rahim,Selamat Berhari Raya,208717,2026-03-12,
54,"HUNTR/X, EJAE, AUDREY NUNA, REI AMI, KPop Demon Hunters Cast",Golden,207379,2026-03-12,
55,Mamat,Ku Pohon Restu Ayah & Ibu,206999,2026-03-12,
56,M. Nasir,Satu Hari Di Hari Raya,205947,2026-03-12,
57,Bruno Mars,I Just Might,202851,2026-03-12,
58,ALYPH,Ingat,202490,2026-03-12,
59,Puan Sri Saloma,Selamat Hari Raya,202427,2026-03-12,
60,"Tenxi, Jemsii",Bintang 5,201108,2026-03-12,
61,"Charlie Puth, Selena Gomez",We Don't Talk Anymore (feat. Selena Gomez),200810,2026-03-12,
62,One Direction,Night Changes,199214,2026-03-12,
63,"dia, Tenxi",SENCY,197310,2026-03-12,
64,"Naykilla, Tenxi, Jemsii",Kasih Aba Aba,197242,2026-03-12,
65,"dia, INDAHKUS",MALU MALU,195607,2026-03-12,
66,Dato' DJ Dave,Menjelang Hari Raya,194901,2026-03-12,
67,Nabila Razali,Raya Mana?,192831,2026-03-12,
68,Gigi Perez,Sailor Song,189125,2026-03-12,
69,"Tenxi, Naykilla, Jemsii",Garam & Madu (Sakit Dadaku),188655,2026-03-12,
70,Bruno Mars,Talking to the Moon,188579,2026-03-12,
71,Alyah,Sesal Separuh Nyawa,187713,2026-03-12,
72,Sheila On 7,Dan...,187639,2026-03-12,
73,Bruno Mars,When I Was Your Man,186064,2026-03-12,
74,"Aisha Retno, Aziz Harun",Ketipak Ketipung Raya,185027,2026-03-12,
75,Ariana Grande,we can't be friends (wait for your love),182905,2026-03-12,
76,Insomniacks,Reminisensi,182890,2026-03-12,
77,Kerispatih,Tapi Bukan Aku,181970,2026-03-12,
78,Ifan Seventeen,Jangan Paksa Rindu - Beda,178669,2026-03-12,
79,Lana Del Rey,Cinnamon Girl,178450,2026-03-12,
80,Insomniacks,Sempurna,178289,2026-03-12,
81,Bruno Mars,That's What I Like,178057,2026-03-12,
82,Lyodra,Pesan Terakhir,177510,2026-03-12,
83,De Fam,Alamak Raya Lagi!,177434,2026-03-12,
84,Raim Laode,Lesung Pipi,176377,2026-03-12,
85,Insomniacks,Pulang,174834,2026-03-12,
86,Bruno Mars,Why You Wanna Fight?,174191,2026-03-12,
87,Datuk Sharifah Aini,Suasana Hari Raya,174146,2026-03-12,
88,Anuar Zain,Sedetik Lebih,173661,2026-03-12,
89,Arctic Monkeys,I Wanna Be Yours,173627,2026-03-12,
90,D’MASIV,Cinta Ini Membunuhku,172531,2026-03-12,
91,Dato' Sri Siti Nurhaliza,Nazam Lebaran,171602,2026-03-12,
92,The Marías,No One Noticed,170579,2026-03-12,
93,"Hael Husaini, Nadeera",Meriah Lain Macam,169955,2026-03-12,
94,Taylor Swift,Opalite,169395,2026-03-12,
95,ILLIT,NOT CUTE ANYMORE,168735,2026-03-12,
96,DOLLA,Raya Raya Raya,164985,2026-03-12,
97,Azlina Aziz,Indahnya Beraya Di Desa,164919,2026-03-12,
98,Mahalini,Bawa Dia Kembali,164907,2026-03-12,
99,Sufian Suhaimi,Di Matamu,163098,2026-03-12,
100,Bruno Mars,Locked out of Heaven,163024,2026-03-12,
101,BLACKPINK,JUMP,162929,2026-03-12,
102,The 1975,About You,162292,2026-03-12,
103,dia,EEEE A,161521,2026-03-12,
104,Drama Band,Biarkanlah,161109,2026-03-12,
105,Sofaz,Dan Bila Esok,160051,2026-03-12,
106,Rombongan Bodonk Koplo,Kasih Tau Mama (Malam Minggu),159527,2026-03-12,
107,Nyanyian Ramai,Warna Warni Aidilfitri,159053,2026-03-12,
108,Bruno Mars,Just the Way You Are,159001,2026-03-12,
109,Dominic Fike,Babydoll,158866,2026-03-12,
110,Seventeen,Untuk Mencintaimu,157253,2026-03-12,
111,Daniel Caesar,Always,157212,2026-03-12,
112,Ara Johari,Menjaga Jodoh Orang Lain,155906,2026-03-12,
113,"Jung Kook, Latto",Seven (feat. Latto) (Explicit Ver.),155453,2026-03-12,
114,Iklim,Bukan Ku Tak Sudi,154817,2026-03-12,
115,SAMSONS,Kenangan Terindah,154244,2026-03-12,
116,Charlie Puth,Attention,154215,2026-03-12,
117,Budak Kacamata,Bintang,153959,2026-03-12,
118,"Zizan Razak, Kaka Azraff",Bawaku Pergi,153492,2026-03-12,
119,Noorkumalasari,Pulang Di Hari Raya,153318,2026-03-12,
120,LNGSHOT,Moonwalkin',152962,2026-03-12,
121,Hyper Act,Takkan Pergi,152374,2026-03-12,
122,Olivia Dean,Man I Need,152170,2026-03-12,
123,ROSÉ,number one girl,151766,2026-03-12,
124,Batas Senja,Nanti Kita Seperti Ini,151675,2026-03-12,
125,Bruno Mars,Versace on the Floor,150799,2026-03-12,
126,"B.o.B, Bruno Mars",Nothin' on You (feat. Bruno Mars),149273,2026-03-12,
127,Andmesh,Anugerah Terindah,147746,2026-03-12,
128,Bad Bunny,DtMF,147310,2026-03-12,
129,Kehlani,Folded,147220,2026-03-12,
130,"Daiyan Trisha, Alfie Zumi",Jom Raya,147038,2026-03-12,
131,"Maroon 5, Wiz Khalifa",Payphone,146802,2026-03-12,
132,Najwa Latif,Klia,146429,2026-03-12,
133,Marcell,Firasat,146231,2026-03-12,
134,Datuk Ahmad Jais,Selamat Hari Raya,145954,2026-03-12,
135,Dato' Sri Siti Nurhaliza,Air Mata Syawal,145894,2026-03-12,
136,New West,Those Eyes,145597,2026-03-12,
137,"Sean Kingston, Justin Bieber",Eenie Meenie,145199,2026-03-12,
138,Dayang Nurfaizah,Senyum Gugur Di Penghujung Doa,145069,2026-03-12,
139,SZA,Snooze,144998,2026-03-12,
140,Joji,SLOW DANCING IN THE DARK,144440,2026-03-12,
141,LNGSHOT,Never Let Go,144382,2026-03-12,
142,Repvblik,Selimut Tetangga,144147,2026-03-12,
143,Sabrina Carpenter,Manchild,142876,2026-03-12,
144,SZA,Nobody Gets Me,142827,2026-03-12,
145,Tyla,CHANEL,142817,2026-03-12,
146,James Arthur,Car's Outside,142630,2026-03-12,
147,Ed Sheeran,Photograph,142582,2026-03-12,
148,Andra & The Backbone,Sempurna,142527,2026-03-12,
149,Luqman Faiz,Kepuraanmu,142140,2026-03-12,
150,Junainah M.Amin,Suasana Riang Di Hari Raya,141625,2026-03-12,
151,"ROSÉ, Bruno Mars",APT.,141371,2026-03-12,
152,Coldplay,Sparks,141327,2026-03-12,
153,Olivia Rodrigo,traitor,141313,2026-03-12,
154,IamNeeta,Sakit,141198,2026-03-12,
155,Sofaz,Janjiku,140980,2026-03-12,
156,"Little Mix, Jason Derulo",Secret Love Song (feat. Jason Derulo),140886,2026-03-12,
157,Mojo,Romancinta,140283,2026-03-12,
158,Kerispatih,Mengenangmu,140119,2026-03-12,
159,Hindia,everything u are,140041,2026-03-12,
160,"Sai Abhyankkar, Shruti Haasan, Vivek","Pavazha Malli - From ""Think Indie""",139687,2026-03-12,
161,Cigarettes After Sex,Cry,138791,2026-03-12,
162,Cenderawasih,Bersama Di Hari Raya,138787,2026-03-12,
163,RAYE,WHERE IS MY HUSBAND!,138581,2026-03-12,
164,"Iman Troye, Dato' Sri Aliff Syukri",Raya ya ya,137670,2026-03-12,
165,"Suara Kayu, Feby Putri",Kembali Pulang,137235,2026-03-12,
166,Ruth B.,Dandelions,136704,2026-03-12,
167,Cup of Joe,Multo,136661,2026-03-12,
168,Joji,Glimpse of Us,136269,2026-03-12,
169,"The Weeknd, Daft Punk",Starboy,136153,2026-03-12,
170,Dato' Sudirman,Balik Kampung,135056,2026-03-12,
171,Ed Sheeran,Perfect,135001,2026-03-12,
172,Hyper Act,Harapan,134769,2026-03-12,
173,Cakra Khan,Kekasih Bayangan,134401,2026-03-12,
174,"Zynakal, Zamir Harith, Mojack Hafiz, Bel Janni",Dalam Diam,134251,2026-03-12,
175,Sufian Suhaimi,Terakhir,134067,2026-03-12,
176,Judika,Aku Yang Tersakiti,133678,2026-03-12,
177,"Rizky Febian, Adrian Khalif",Alamak,133664,2026-03-12,
178,Judika,Bukan Dia Tapi Aku,133577,2026-03-12,
179,Katy Perry,The One That Got Away,133490,2026-03-12,
180,"Feby Putri, Fiersa Besari",Runtuh,133344,2026-03-12,
181,Zara Larsson,Lush Life,132787,2026-03-12,
182,"Kendrick Lamar, SZA",luther (with sza),132746,2026-03-12,
183,Justin Bieber,Ghost,132087,2026-03-12,
184,Gracie Abrams,That’s So True,131896,2026-03-12,
185,Black,Sofea Jane,131886,2026-03-12,
186,"The Chainsmokers, Halsey",Closer,131812,2026-03-12,
187,The Lantis,Bunga Maaf,131594,2026-03-12,
188,Hazama,Relakan Jiwa,131358,2026-03-12,
189,"Top Barry, INDEcompany",一半一半,131065,2026-03-12,
190,d4vd,Here With Me,130884,2026-03-12,
191,Batas Senja,Kita Usahakan Lagi,130434,2026-03-12,
192,Sanisah Huri,Aidilfitri,130393,2026-03-12,
193,Zivilia,Aishiteru 2,129823,2026-03-12,
194,Rafeah Buang,Bila Takbir Bergema,129118,2026-03-12,
195,Coldplay,Yellow,128914,2026-03-12,
196,The Weeknd,Die For You,128566,2026-03-12,
197,Hindia,Rumah Ke Rumah,128352,2026-03-12,
198,"DJ Snake, Justin Bieber",Let Me Love You,128280,2026-03-12,
199,Dhruv,double take,128232,2026-03-12,
200,Dato' Sudirman,Dari Jauh Kupohon Maaf,128219,2026-03-12,
1,Bruno Mars,Risk It All,903945,2026-03-05,
2,Nadhif Basalamah,kota ini tak sama tanpamu,626098,2026-03-05,
3,Idgitaf,Sedia Aku Sebelum Hujan,524656,2026-03-05,
4,Piche Kota,Bahagia Lagi,515178,2026-03-05,
5,Nadhif Basalamah,bergema sampai selamanya,475970,2026-03-05,
6,Jin,Don’t Say You Love Me,447612,2026-03-05,
7,SIENNA SPIRO,Die On This Hill,433212,2026-03-05,
8,BLACKPINK,GO,419981,2026-03-05,
9,Taylor Swift,The Fate of Ophelia,373072,2026-03-05,
10,"PinkPantheress, Zara Larsson",Stateside + Zara Larsson,368284,2026-03-05,
11,sombr,back to friends,361817,2026-03-05,
12,Naykilla,SO ASU,338923,2026-03-05,
13,Billie Eilish,WILDFLOWER,337354,2026-03-05,
14,BLACKPINK,Champion,334855,2026-03-05,
15,Olivia Dean,So Easy (To Fall In Love),331935,2026-03-05,
16,Djo,End of Beginning,304102,2026-03-05,
17,"Nadhif Basalamah, Aziz Harun, Aisha Retno",kota ini tak sama tanpamu (with Aziz Harun & Aisha Retno),285593,2026-03-05,
18,Nadhif Basalamah,penjaga hati,284948,2026-03-05,
19,Alpha,P Ramlee Saloma,284161,2026-03-05,
20,Madison Beer,bittersweet,282618,2026-03-05,
21,Sal Priadi,Ada titik-titik di ujung doa,281169,2026-03-05,
22,Hyper Act,Hanya Aku,279581,2026-03-05,
23,"Silet Open Up, Jacson Seran, Juan Reza, Diva Aurel",TABOLA BALE,275915,2026-03-05,
24,Hafiz Suip,Bahagiamu Deritaku,275368,2026-03-05,
25,"Fourtwnty, Charita Utami",Mangu,270078,2026-03-05,
26,Daniel Caesar,Who Knows,269695,2026-03-05,
27,"Lady Gaga, Bruno Mars",Die With A Smile,263845,2026-03-05,
28,JENNIE,like JENNIE,263353,2026-03-05,
29,Billie Eilish,BIRDS OF A FEATHER,259404,2026-03-05,
30,"Dave, Tems",Raindance (feat. Tems),259396,2026-03-05,
31,Ravyn Lenae,Love Me Not,258146,2026-03-05,
32,BLACKPINK,JUMP,253314,2026-03-05,
33,Anggis Devaki,Dirimu Yang Dulu,245806,2026-03-05,
34,She & Him,I Thought I Saw Your Face Today,245632,2026-03-05,
35,KATSEYE,Gabriela,245628,2026-03-05,
36,"Tenxi, Suisei, Jemsii",mejikuhibiniu,241120,2026-03-05,
37,Nuca,"Masa ini, Nanti, dan Masa Indah Lainnya",230963,2026-03-05,
38,The Script,The Man Who Can't Be Moved,227850,2026-03-05,
39,Bruno Mars,I Just Might,227448,2026-03-05,
40,"The Weeknd, JENNIE, Lily-Rose Depp","One Of The Girls (with JENNIE, Lily Rose Depp)",224704,2026-03-05,
41,"HUNTR/X, EJAE, AUDREY NUNA, REI AMI, KPop Demon Hunters Cast",Golden,220799,2026-03-05,
42,Bruno Mars,It Will Rain,216814,2026-03-05,
43,"Naykilla, Tenxi, Jemsii",Kasih Aba Aba,216028,2026-03-05,
44,Hearts2Hearts,RUDE!,212258,2026-03-05,
45,Pamungkas,Monolog,211157,2026-03-05,
46,Natasya Sabella,Menerima Luka,208345,2026-03-05,
47,"Akbar Chalay, Zynakal, ciloqciliq",Ngga Dulu,208292,2026-03-05,
48,ALYPH,Ingat,207011,2026-03-05,
49,BLACKPINK,Fxxxboy,206558,2026-03-05,
50,BLACKPINK,Me and my,197855,2026-03-05,
51,"Tenxi, Jemsii",Bintang 5,196522,2026-03-05,
52,"Charlie Puth, Selena Gomez",We Don't Talk Anymore (feat. Selena Gomez),195394,2026-03-05,
53,Sheila On 7,Dan...,195340,2026-03-05,
54,Bruno Mars,That's What I Like,194912,2026-03-05,
55,"Tenxi, Naykilla, Jemsii",Garam & Madu (Sakit Dadaku),190999,2026-03-05,
56,Alyah,Sesal Separuh Nyawa,189782,2026-03-05,
57,One Direction,Night Changes,188049,2026-03-05,
58,Raim Laode,Lesung Pipi,187645,2026-03-05,
59,Gigi Perez,Sailor Song,184209,2026-03-05,
60,Kerispatih,Tapi Bukan Aku,182479,2026-03-05,
61,The Marías,No One Noticed,181696,2026-03-05,
62,Seventeen,Untuk Mencintaimu,181459,2026-03-05,
63,D’MASIV,Cinta Ini Membunuhku,180476,2026-03-05,
64,Budak Kacamata,Bintang,180089,2026-03-05,
65,Lana Del Rey,Cinnamon Girl,179885,2026-03-05,
66,Taylor Swift,Opalite,179659,2026-03-05,
67,Ariana Grande,we can't be friends (wait for your love),179286,2026-03-05,
68,"dia, Tenxi",SENCY,176162,2026-03-05,
69,ILLIT,NOT CUTE ANYMORE,176144,2026-03-05,
70,Rombongan Bodonk Koplo,Kasih Tau Mama (Malam Minggu),175888,2026-03-05,
71,Insomniacks,Sempurna,172126,2026-03-05,
72,Sufian Suhaimi,Kasih Lebaran,171475,2026-03-05,
73,Anuar Zain,Sedetik Lebih,171230,2026-03-05,
74,Bruno Mars,When I Was Your Man,171223,2026-03-05,
75,Bruno Mars,Talking to the Moon,170907,2026-03-05,
76,Arctic Monkeys,I Wanna Be Yours,169985,2026-03-05,
77,dia,EEEE A,168538,2026-03-05,
78,Batas Senja,Nanti Kita Seperti Ini,167947,2026-03-05,
79,Hyper Act,Takkan Pergi,167034,2026-03-05,
80,Insomniacks,Pulang,166053,2026-03-05,
81,Andmesh,Anugerah Terindah,165574,2026-03-05,
82,LNGSHOT,Moonwalkin',164228,2026-03-05,
83,Bad Bunny,DtMF,164053,2026-03-05,
84,Ara Johari,Menjaga Jodoh Orang Lain,163912,2026-03-05,
85,ROSÉ,number one girl,162853,2026-03-05,
86,Luqman Faiz,Kepuraanmu,162779,2026-03-05,
87,Lyodra,Pesan Terakhir,162538,2026-03-05,
88,Insomniacks,Reminisensi,161157,2026-03-05,
89,Iklim,Bukan Ku Tak Sudi,160671,2026-03-05,
90,Marcell,Firasat,160206,2026-03-05,
91,Mojo,Romancinta,159932,2026-03-05,
92,Bruno Mars,Dance With Me,159852,2026-03-05,
93,Mahalini,Bawa Dia Kembali,158093,2026-03-05,
94,SZA,Snooze,157630,2026-03-05,
95,Hazama,Relakan Jiwa,157061,2026-03-05,
96,Bruno Mars,Locked out of Heaven,156945,2026-03-05,
97,Bruno Mars,Just the Way You Are,156637,2026-03-05,
98,Charlie Puth,Attention,156326,2026-03-05,
99,SZA,Nobody Gets Me,155760,2026-03-05,
100,Daniel Caesar,Always,154855,2026-03-05,
101,Hyper Act,Harapan,154505,2026-03-05,
102,Olivia Dean,Man I Need,153184,2026-03-05,
103,The 1975,About You,152914,2026-03-05,
104,Sufian Suhaimi,Di Matamu,151203,2026-03-05,
105,"Sean Kingston, Justin Bieber",Eenie Meenie,151140,2026-03-05,
106,Joji,SLOW DANCING IN THE DARK,151091,2026-03-05,
107,Batas Senja,Kita Usahakan Lagi,151064,2026-03-05,
108,Anuar & Ellina,Suasana Di Hari Raya,150420,2026-03-05,
109,Sufian Suhaimi,Terakhir,149842,2026-03-05,
110,LNGSHOT,Never Let Go,149533,2026-03-05,
111,Bruno Mars,Cha Cha Cha,149185,2026-03-05,
112,Tyla,CHANEL,148987,2026-03-05,
113,Cakra Khan,Kekasih Bayangan,148766,2026-03-05,
114,"B.o.B, Bruno Mars",Nothin' on You (feat. Bruno Mars),147492,2026-03-05,
115,Kehlani,Folded,147130,2026-03-05,
116,Sabrina Carpenter,Manchild,146141,2026-03-05,
117,RAYE,WHERE IS MY HUSBAND!,146119,2026-03-05,
118,Andra & The Backbone,Sempurna,145856,2026-03-05,
119,Bruno Mars,God Was Showing Off,144395,2026-03-05,
120,"ROSÉ, Bruno Mars",APT.,144192,2026-03-05,
121,"Kendrick Lamar, SZA",luther (with sza),143907,2026-03-05,
122,"Jamal Abdillah, Siti Sarah",Sandarkan Pada Kenangan,143853,2026-03-05,
123,Cigarettes After Sex,Cry,143844,2026-03-05,
124,"Zynakal, Zamir Harith, Mojack Hafiz, Bel Janni",Dalam Diam,143295,2026-03-05,
125,"V, Park Hyo Shin",Winter Ahead (with PARK HYO SHIN),142576,2026-03-05,
126,Cup of Joe,Multo,142261,2026-03-05,
127,Sofaz,Dan Bila Esok,142213,2026-03-05,
128,d4vd,Here With Me,142153,2026-03-05,
129,"Feby Putri, Fiersa Besari",Runtuh,142062,2026-03-05,
130,SAMSONS,Kenangan Terindah,141647,2026-03-05,
131,"The Weeknd, Daft Punk",Starboy,141372,2026-03-05,
132,Bruno Mars,Why You Wanna Fight?,141308,2026-03-05,
133,"Jung Kook, Latto",Seven (feat. Latto) (Explicit Ver.),141018,2026-03-05,
134,Kerispatih,Mengenangmu,140524,2026-03-05,
135,"Suara Kayu, Feby Putri",Kembali Pulang,140021,2026-03-05,
136,"Maroon 5, Wiz Khalifa",Payphone,139972,2026-03-05,
137,Dhruv,double take,139778,2026-03-05,
138,Coldplay,Sparks,139642,2026-03-05,
139,Bruno Mars,Versace on the Floor,139171,2026-03-05,
140,"Zizan Razak, Kaka Azraff",Bawaku Pergi,138454,2026-03-05,
141,Coldplay,Yellow,138171,2026-03-05,
142,Joji,Glimpse of Us,137954,2026-03-05,
143,Gracie Abrams,That’s So True,137953,2026-03-05,
144,Black,Sofea Jane,137940,2026-03-05,
145,Zara Larsson,Lush Life,137147,2026-03-05,
146,Fabio Asher,Rumah Singgah,136851,2026-03-05,
147,Drama Band,Biarkanlah,136245,2026-03-05,
148,James Arthur,Car's Outside,135948,2026-03-05,
149,"Top Barry, INDEcompany",一半一半,135784,2026-03-05,
150,Hindia,Rumah Ke Rumah,135609,2026-03-05,
151,DJ Xen,DJ SO ASU – Pelukan Yang Hangat,135357,2026-03-05,
152,New West,Those Eyes,134715,2026-03-05,
153,Ifan Seventeen,Jangan Paksa Rindu - Beda,134627,2026-03-05,
154,Nadhif Basalamah,jatuh cinta lagi,134226,2026-03-05,
155,Noh Salleh,Rahsia Tuhan,133917,2026-03-05,
156,IVE,BANG BANG,133795,2026-03-05,
157,"Rizky Febian, Adrian Khalif",Alamak,133786,2026-03-05,
158,ROSÉ,toxic till the end,133194,2026-03-05,
159,"The Chainsmokers, Halsey",Closer,133168,2026-03-05,
160,The Lantis,Bunga Maaf,132969,2026-03-05,
161,Repvblik,Sandiwara Cinta,132517,2026-03-05,
162,Hindia,everything u are,132430,2026-03-05,
163,Ed Sheeran,Photograph,132387,2026-03-05,
164,Cherpen,Pasti,132316,2026-03-05,
165,SZA,Kill Bill,131028,2026-03-05,
166,Anuar Zain,Andainya Takdir,130705,2026-03-05,
167,Olivia Rodrigo,traitor,130546,2026-03-05,
168,IamNeeta,Sakit,129772,2026-03-05,
169,Raim Laode,Komang,129757,2026-03-05,
170,"Rombongan Bodonk Koplo, Ncum",Calon Mantu Idaman (feat. Ncum),129423,2026-03-05,
171,Wali,Yank,129334,2026-03-05,
172,Cigarettes After Sex,Apocalypse,129033,2026-03-05,
173,"dia, INDAHKUS",MALU MALU,128326,2026-03-05,
174,Zivilia,Aishiteru 2,128293,2026-03-05,
175,Screen,Bila Cinta Di Dusta,128231,2026-03-05,
176,The Goo Goo Dolls,Iris,128075,2026-03-05,
177,Ed Sheeran,Perfect,127675,2026-03-05,
178,Justin Bieber,Ghost,127045,2026-03-05,
179,Khifnu,Merindumu lagi,126793,2026-03-05,
180,"DJ Snake, Justin Bieber",Let Me Love You,126720,2026-03-05,
181,CORTIS,FaSHioN,126712,2026-03-05,
182,yung kai,blue,126639,2026-03-05,
183,Jinbara,Kasihnya Laila,126513,2026-03-05,
184,Why Don't We,8 Letters,126488,2026-03-05,
185,Ruth B.,Dandelions,126450,2026-03-05,
186,Armada,Asal Kau Bahagia,126211,2026-03-05,
187,The Weeknd,Die For You,125928,2026-03-05,
188,"ZXKAI, slxughter",NO BATIDÃO,125877,2026-03-05,
189,Wali,Baik Baik Sayang,125821,2026-03-05,
190,Taylor Swift,Style,125513,2026-03-05,
191,Zivilia,Aishiteru,125458,2026-03-05,
192,CORTIS,GO!,125078,2026-03-05,
193,Malcolm Todd,Sweet Boy,124418,2026-03-05,
194,Radiohead,Let Down,124184,2026-03-05,
195,"Tame Impala, JENNIE",Dracula - JENNIE Remix,124042,2026-03-05,
196,The Neighbourhood,Sweater Weather,123898,2026-03-05,
197,"Kendrick Lamar, SZA","All The Stars (with SZA) - From ""Black Panther: The Album""",123645,2026-03-05,
198,1119,福气马上来,123621,2026-03-05,
199,HWASA,Good Goodbye,123562,2026-03-05,
200,Nadin Amizah,Di Akhir Perang,122970,2026-03-05,
1,Nadhif Basalamah,kota ini tak sama tanpamu,641943,2026-02-26,
2,Idgitaf,Sedia Aku Sebelum Hujan,571198,2026-02-26,
3,Nadhif Basalamah,bergema sampai selamanya,504449,2026-02-26,
4,Jin,Don’t Say You Love Me,463712,2026-02-26,
5,Piche Kota,Bahagia Lagi,446561,2026-02-26,
6,SIENNA SPIRO,Die On This Hill,444581,2026-02-26,
7,Taylor Swift,The Fate of Ophelia,381199,2026-02-26,
8,sombr,back to friends,360176,2026-02-26,
9,Billie Eilish,WILDFLOWER,358609,2026-02-26,
10,"Nadhif Basalamah, Aziz Harun, Aisha Retno",kota ini tak sama tanpamu (with Aziz Harun & Aisha Retno),334721,2026-02-26,
11,Naykilla,SO ASU,327449,2026-02-26,
12,Madison Beer,bittersweet,321403,2026-02-26,
13,Olivia Dean,So Easy (To Fall In Love),308096,2026-02-26,
14,Alpha,P Ramlee Saloma,306133,2026-02-26,
15,Djo,End of Beginning,303572,2026-02-26,
16,Nadhif Basalamah,penjaga hati,301033,2026-02-26,
17,Hyper Act,Hanya Aku,298890,2026-02-26,
18,Hafiz Suip,Bahagiamu Deritaku,295631,2026-02-26,
19,"Silet Open Up, Jacson Seran, Juan Reza, Diva Aurel",TABOLA BALE,284568,2026-02-26,
20,"Fourtwnty, Charita Utami",Mangu,277486,2026-02-26,
21,Daniel Caesar,Who Knows,272022,2026-02-26,
22,KATSEYE,Gabriela,266911,2026-02-26,
23,She & Him,I Thought I Saw Your Face Today,263600,2026-02-26,
24,Billie Eilish,BIRDS OF A FEATHER,255518,2026-02-26,
25,Anggis Devaki,Dirimu Yang Dulu,254282,2026-02-26,
26,JENNIE,like JENNIE,250014,2026-02-26,
27,Sheila On 7,Dan...,249437,2026-02-26,
28,"Tenxi, Suisei, Jemsii",mejikuhibiniu,245461,2026-02-26,
29,"Dave, Tems",Raindance (feat. Tems),238892,2026-02-26,
30,Ravyn Lenae,Love Me Not,237283,2026-02-26,
31,"Lady Gaga, Bruno Mars",Die With A Smile,234363,2026-02-26,
32,"Akbar Chalay, Zynakal, ciloqciliq",Ngga Dulu,228935,2026-02-26,
33,"HUNTR/X, EJAE, AUDREY NUNA, REI AMI, KPop Demon Hunters Cast",Golden,227893,2026-02-26,
34,"The Weeknd, JENNIE, Lily-Rose Depp","One Of The Girls (with JENNIE, Lily Rose Depp)",227534,2026-02-26,
35,"Naykilla, Tenxi, Jemsii",Kasih Aba Aba,221984,2026-02-26,
36,Pamungkas,Monolog,220902,2026-02-26,
37,"PinkPantheress, Zara Larsson",Stateside + Zara Larsson,218913,2026-02-26,
38,1119,福气马上来,218650,2026-02-26,
39,ALYPH,Ingat,215917,2026-02-26,
40,Sal Priadi,Ada titik-titik di ujung doa,215252,2026-02-26,
41,Nuca,"Masa ini, Nanti, dan Masa Indah Lainnya",215237,2026-02-26,
42,"Tenxi, Jemsii",Bintang 5,209774,2026-02-26,
43,Natasya Sabella,Menerima Luka,208439,2026-02-26,
44,Rombongan Bodonk Koplo,Kasih Tau Mama (Malam Minggu),204636,2026-02-26,
45,Raim Laode,Lesung Pipi,197905,2026-02-26,
46,The Marías,No One Noticed,193976,2026-02-26,
47,ILLIT,NOT CUTE ANYMORE,193417,2026-02-26,
48,"Tenxi, Naykilla, Jemsii",Garam & Madu (Sakit Dadaku),192189,2026-02-26,
49,Bad Bunny,DtMF,192166,2026-02-26,
50,Gigi Perez,Sailor Song,190462,2026-02-26,
51,The Script,The Man Who Can't Be Moved,187754,2026-02-26,
52,Ariana Grande,we can't be friends (wait for your love),183449,2026-02-26,
53,Bruno Mars,It Will Rain,182179,2026-02-26,
54,dia,EEEE A,181352,2026-02-26,
55,Seventeen,Untuk Mencintaimu,180860,2026-02-26,
56,Lana Del Rey,Cinnamon Girl,180103,2026-02-26,
57,LNGSHOT,Moonwalkin',179995,2026-02-26,
58,Batas Senja,Nanti Kita Seperti Ini,176829,2026-02-26,
59,D’MASIV,Cinta Ini Membunuhku,175452,2026-02-26,
60,"Charlie Puth, Selena Gomez",We Don't Talk Anymore (feat. Selena Gomez),174613,2026-02-26,
61,Andmesh,Anugerah Terindah,173785,2026-02-26,
62,Taylor Swift,Opalite,172830,2026-02-26,
63,Arctic Monkeys,I Wanna Be Yours,172012,2026-02-26,
64,Budak Kacamata,Bintang,171481,2026-02-26,
65,Hyper Act,Harapan,171108,2026-02-26,
66,Insomniacks,Sempurna,170841,2026-02-26,
67,Ara Johari,Menjaga Jodoh Orang Lain,170665,2026-02-26,
68,One Direction,Night Changes,170350,2026-02-26,
69,The Lantis,Bunga Maaf,169171,2026-02-26,
70,Kerispatih,Tapi Bukan Aku,168738,2026-02-26,
71,Lyodra,Pesan Terakhir,167468,2026-02-26,
72,Marcell,Firasat,167389,2026-02-26,
73,Anuar Zain,Sedetik Lebih,167280,2026-02-26,
74,"Jung Kook, Latto",Seven (feat. Latto) (Explicit Ver.),166379,2026-02-26,
75,"dia, Tenxi",SENCY,166193,2026-02-26,
76,LNGSHOT,Never Let Go,164155,2026-02-26,
77,Mahalini,Bawa Dia Kembali,163728,2026-02-26,
78,"Rombongan Bodonk Koplo, Ncum",Calon Mantu Idaman (feat. Ncum),161561,2026-02-26,
79,ROSÉ,number one girl,159139,2026-02-26,
80,Insomniacks,Pulang,158564,2026-02-26,
81,Cup of Joe,Multo,156381,2026-02-26,
82,Luqman Faiz,Kepuraanmu,156143,2026-02-26,
83,Bruno Mars,That's What I Like,155644,2026-02-26,
84,Batas Senja,Kita Usahakan Lagi,155420,2026-02-26,
85,Iklim,Bukan Ku Tak Sudi,155261,2026-02-26,
86,Insomniacks,Reminisensi,154716,2026-02-26,
87,The 1975,About You,154571,2026-02-26,
88,Sufian Suhaimi,Di Matamu,152058,2026-02-26,
89,Bruno Mars,When I Was Your Man,152054,2026-02-26,
90,Cigarettes After Sex,Cry,151548,2026-02-26,
91,Bruno Mars,Talking to the Moon,151329,2026-02-26,
92,Hazama,Relakan Jiwa,151063,2026-02-26,
93,SZA,Nobody Gets Me,150981,2026-02-26,
94,Tyla,CHANEL,149616,2026-02-26,
95,Joji,SLOW DANCING IN THE DARK,149247,2026-02-26,
96,Olivia Dean,Man I Need,149193,2026-02-26,
97,Hyper Act,Takkan Pergi,148527,2026-02-26,
98,Zivilia,Aishiteru 2,147336,2026-02-26,
99,Sabrina Carpenter,Manchild,146106,2026-02-26,
100,"Sean Kingston, Justin Bieber",Eenie Meenie,145430,2026-02-26,
101,Cakra Khan,Kekasih Bayangan,144984,2026-02-26,
102,"Suara Kayu, Feby Putri",Kembali Pulang,144756,2026-02-26,
103,"Rizky Febian, Adrian Khalif",Alamak,144558,2026-02-26,
104,Kerispatih,Mengenangmu,144465,2026-02-26,
105,Andra & The Backbone,Sempurna,143866,2026-02-26,
106,Khifnu,Merindumu lagi,143533,2026-02-26,
107,Hindia,Rumah Ke Rumah,142869,2026-02-26,
108,IVE,BANG BANG,142687,2026-02-26,
109,SZA,Snooze,141766,2026-02-26,
110,"Maroon 5, Wiz Khalifa",Payphone,141719,2026-02-26,
111,Joji,Glimpse of Us,141587,2026-02-26,
112,Gracie Abrams,That’s So True,141227,2026-02-26,
113,Charlie Puth,Attention,140960,2026-02-26,
114,RAYE,WHERE IS MY HUSBAND!,140642,2026-02-26,
115,Mojo,Romancinta,140556,2026-02-26,
116,Daniel Caesar,Always,140058,2026-02-26,
117,Coldplay,Sparks,139360,2026-02-26,
118,James Arthur,Car's Outside,139167,2026-02-26,
119,"Feby Putri, Fiersa Besari",Runtuh,139144,2026-02-26,
120,d4vd,Here With Me,138810,2026-02-26,
121,Hearts2Hearts,RUDE!,138449,2026-02-26,
122,Kehlani,Folded,137567,2026-02-26,
123,"Zynakal, Zamir Harith, Mojack Hafiz, Bel Janni",Dalam Diam,137518,2026-02-26,
124,Wali,Yank,137118,2026-02-26,
125,Dhruv,double take,137021,2026-02-26,
126,"Kendrick Lamar, SZA",luther (with sza),136269,2026-02-26,
127,Nadhif Basalamah,jatuh cinta lagi,136107,2026-02-26,
128,"Zizan Razak, Kaka Azraff",Bawaku Pergi,135570,2026-02-26,
129,Bruno Mars,Just the Way You Are,135241,2026-02-26,
130,SAMSONS,Kenangan Terindah,135193,2026-02-26,
131,Noh Salleh,Rahsia Tuhan,135006,2026-02-26,
132,DJ Xen,DJ SO ASU – Pelukan Yang Hangat,134914,2026-02-26,
133,Raim Laode,Komang,134860,2026-02-26,
134,CORTIS,FaSHioN,134686,2026-02-26,
135,Hindia,everything u are,134644,2026-02-26,
136,"Daniel Caesar, H.E.R.",Best Part (feat. H.E.R.),134570,2026-02-26,
137,Alyah,Sesal Separuh Nyawa,133431,2026-02-26,
138,"Jamal Abdillah, Siti Sarah",Sandarkan Pada Kenangan,132712,2026-02-26,
139,"The Weeknd, Daft Punk",Starboy,132443,2026-02-26,
140,Zara Larsson,Lush Life,132414,2026-02-26,
141,Olivia Rodrigo,traitor,132364,2026-02-26,
142,New West,Those Eyes,132342,2026-02-26,
143,Drama Band,Biarkanlah,132118,2026-02-26,
144,Justin Bieber,Ghost,131338,2026-02-26,
145,CORTIS,GO!,130671,2026-02-26,
146,Cigarettes After Sex,Apocalypse,130439,2026-02-26,
147,Madison Beer,Reckless,130292,2026-02-26,
148,Noah,Separuh Aku,130126,2026-02-26,
149,For Revenge,Serana,129744,2026-02-26,
150,Coldplay,Yellow,129133,2026-02-26,
151,"DJ Snake, Justin Bieber",Let Me Love You,128752,2026-02-26,
152,Reedzwann,Suarasi Sering Salah,128557,2026-02-26,
153,Black,Sofea Jane,128291,2026-02-26,
154,Cherpen,Pasti,128262,2026-02-26,
155,"ROSÉ, Bruno Mars",APT.,128045,2026-02-26,
156,HWASA,Good Goodbye,128027,2026-02-26,
157,Sufian Suhaimi,Terakhir,127941,2026-02-26,
158,Fabio Asher,Rumah Singgah,127760,2026-02-26,
159,Anuar Zain,Andainya Takdir,127376,2026-02-26,
160,Judika,Aku Yang Tersakiti,127343,2026-02-26,
161,"Justin Bieber, Chance the Rapper",Confident,126994,2026-02-26,
162,"薛家燕, Jaspers Lai, 3P",HORSEH,126795,2026-02-26,
163,yung kai,blue,126221,2026-02-26,
164,The Marías,Sienna,125878,2026-02-26,
165,The Weeknd,Die For You,125575,2026-02-26,
166,Jinbara,Kasihnya Laila,125498,2026-02-26,
167,Sofaz,Dan Bila Esok,125337,2026-02-26,
168,Afgan,Jodoh Pasti Bertemu,124840,2026-02-26,
169,Radiohead,Let Down,124128,2026-02-26,
170,ROSÉ,toxic till the end,123307,2026-02-26,
171,Armada,Asal Kau Bahagia,123116,2026-02-26,
172,Ed Sheeran,Photograph,122877,2026-02-26,
173,BLACKPINK,JUMP,122662,2026-02-26,
174,Nadin Amizah,Di Akhir Perang,122583,2026-02-26,
175,Ruth B.,Dandelions,122496,2026-02-26,
176,"Kendrick Lamar, SZA","All The Stars (with SZA) - From ""Black Panther: The Album""",122312,2026-02-26,
177,Hyper Act,Kasih,121842,2026-02-26,
178,"Top Barry, INDEcompany",一半一半,121616,2026-02-26,
179,"Danny Koo, Jasmine C, Chris 官杰皓, Miki咏瑄, Janelle Jiahuii",你好我好新年好,121324,2026-02-26,
180,"ZXKAI, slxughter",NO BATIDÃO,121036,2026-02-26,
181,Zivilia,Aishiteru,120845,2026-02-26,
182,Henry Moodie,drunk text,120692,2026-02-26,
183,"Tame Impala, JENNIE",Dracula - JENNIE Remix,120592,2026-02-26,
184,The Goo Goo Dolls,Iris,120577,2026-02-26,
185,Wali,Baik Baik Sayang,120381,2026-02-26,
186,"Dato' Sri Siti Nurhaliza, Cakra Khan",Seluruh Cinta,120257,2026-02-26,
187,The Walters,I Love You So,120089,2026-02-26,
188,"B.o.B, Bruno Mars",Nothin' on You (feat. Bruno Mars),119813,2026-02-26,
189,Bruno Mars,Locked out of Heaven,119802,2026-02-26,
190,The Neighbourhood,Sweater Weather,119707,2026-02-26,
191,Ed Sheeran,Perfect,119508,2026-02-26,
192,Mitski,My Love Mine All Mine,119261,2026-02-26,
193,Justin Bieber,Sorry,118794,2026-02-26,
194,Repvblik,Sandiwara Cinta,118417,2026-02-26,
195,Fieya Julia,Perasaanku,117769,2026-02-26,
196,Katy Perry,The One That Got Away,117628,2026-02-26,
197,Anggi Marito,Tak Segampang Itu,117514,2026-02-26,
198,Why Don't We,8 Letters,117248,2026-02-26,
199,"The Chainsmokers, Halsey",Closer,117238,2026-02-26,
200,"Dato' Sri Siti Nurhaliza, Ade Govinda",Menamakanmu Cinta,117108,2026-02-26,
1,Nadhif Basalamah,kota ini tak sama tanpamu,761748,2026-02-19,
2,Idgitaf,Sedia Aku Sebelum Hujan,692439,2026-02-19,
3,Nadhif Basalamah,bergema sampai selamanya,572029,2026-02-19,
4,SIENNA SPIRO,Die On This Hill,505250,2026-02-19,
5,Taylor Swift,The Fate of Ophelia,458159,2026-02-19,
6,Jin,Don’t Say You Love Me,419485,2026-02-19,
7,sombr,back to friends,404268,2026-02-19,
8,"Silet Open Up, Jacson Seran, Juan Reza, Diva Aurel",TABOLA BALE,388263,2026-02-19,
9,"Nadhif Basalamah, Aziz Harun, Aisha Retno",kota ini tak sama tanpamu (with Aziz Harun & Aisha Retno),386138,2026-02-19,
10,Naykilla,SO ASU,381505,2026-02-19,
11,Billie Eilish,WILDFLOWER,381029,2026-02-19,
12,Piche Kota,Bahagia Lagi,376582,2026-02-19,
13,1119,福气马上来,366954,2026-02-19,
14,Alpha,P Ramlee Saloma,359601,2026-02-19,
15,Madison Beer,bittersweet,358862,2026-02-19,
16,Djo,End of Beginning,345876,2026-02-19,
17,Hafiz Suip,Bahagiamu Deritaku,345103,2026-02-19,
18,Nadhif Basalamah,penjaga hati,339263,2026-02-19,
19,Hyper Act,Hanya Aku,336915,2026-02-19,
20,Olivia Dean,So Easy (To Fall In Love),327800,2026-02-19,
21,KATSEYE,Gabriela,323967,2026-02-19,
22,"Tenxi, Suisei, Jemsii",mejikuhibiniu,320512,2026-02-19,
23,"Akbar Chalay, Zynakal, ciloqciliq",Ngga Dulu,318466,2026-02-19,
24,Billie Eilish,BIRDS OF A FEATHER,310473,2026-02-19,
25,She & Him,I Thought I Saw Your Face Today,308489,2026-02-19,
26,"Fourtwnty, Charita Utami",Mangu,305538,2026-02-19,
27,Daniel Caesar,Who Knows,293083,2026-02-19,
28,"Tenxi, Jemsii",Bintang 5,289835,2026-02-19,
29,Sheila On 7,Dan...,288315,2026-02-19,
30,"Naykilla, Tenxi, Jemsii",Kasih Aba Aba,287531,2026-02-19,
31,JENNIE,like JENNIE,285410,2026-02-19,
32,"HUNTR/X, EJAE, AUDREY NUNA, REI AMI, KPop Demon Hunters Cast",Golden,276844,2026-02-19,
33,"Lady Gaga, Bruno Mars",Die With A Smile,274835,2026-02-19,
34,Ravyn Lenae,Love Me Not,269667,2026-02-19,
35,Bad Bunny,DtMF,269097,2026-02-19,
36,Anggis Devaki,Dirimu Yang Dulu,263792,2026-02-19,
37,"The Weeknd, JENNIE, Lily-Rose Depp","One Of The Girls (with JENNIE, Lily Rose Depp)",260206,2026-02-19,
38,"Dave, Tems",Raindance (feat. Tems),255449,2026-02-19,
39,Rombongan Bodonk Koplo,Kasih Tau Mama (Malam Minggu),254158,2026-02-19,
40,Pamungkas,Monolog,252631,2026-02-19,
41,ALYPH,Ingat,250055,2026-02-19,
42,dia,EEEE A,244269,2026-02-19,
43,"Tenxi, Naykilla, Jemsii",Garam & Madu (Sakit Dadaku),238639,2026-02-19,
44,Budak Kacamata,Bintang,234744,2026-02-19,
45,"薛家燕, Jaspers Lai, 3P",HORSEH,234268,2026-02-19,
46,ILLIT,NOT CUTE ANYMORE,228280,2026-02-19,
47,Ara Johari,Menjaga Jodoh Orang Lain,227887,2026-02-19,
48,Ariana Grande,we can't be friends (wait for your love),224801,2026-02-19,
49,"Danny Koo, Jasmine C, Chris 官杰皓, Miki咏瑄, Janelle Jiahuii",你好我好新年好,217349,2026-02-19,
50,Bruno Mars,It Will Rain,213480,2026-02-19,
51,Insomniacks,Sempurna,212441,2026-02-19,
52,Lana Del Rey,Cinnamon Girl,211234,2026-02-19,
53,LNGSHOT,Moonwalkin',210173,2026-02-19,
54,Gigi Perez,Sailor Song,209678,2026-02-19,
55,The Marías,No One Noticed,209498,2026-02-19,
56,"dia, Tenxi",SENCY,205072,2026-02-19,
57,Raim Laode,Lesung Pipi,204294,2026-02-19,
58,Taylor Swift,Opalite,203772,2026-02-19,
59,Natasya Sabella,Menerima Luka,203709,2026-02-19,
60,Nuca,"Masa ini, Nanti, dan Masa Indah Lainnya",202475,2026-02-19,
61,"Charlie Puth, Selena Gomez",We Don't Talk Anymore (feat. Selena Gomez),200903,2026-02-19,
62,"Rombongan Bodonk Koplo, Ncum",Calon Mantu Idaman (feat. Ncum),200868,2026-02-19,
63,D’MASIV,Cinta Ini Membunuhku,200044,2026-02-19,
64,DJ Xen,DJ SO ASU – Pelukan Yang Hangat,197717,2026-02-19,
65,The Script,The Man Who Can't Be Moved,197692,2026-02-19,
66,One Direction,Night Changes,194348,2026-02-19,
67,The Lantis,Bunga Maaf,193785,2026-02-19,
68,Kerispatih,Tapi Bukan Aku,193547,2026-02-19,
69,Hyper Act,Harapan,192939,2026-02-19,
70,Seventeen,Untuk Mencintaimu,192369,2026-02-19,
71,Batas Senja,Kita Usahakan Lagi,192156,2026-02-19,
72,Insomniacks,Pulang,192128,2026-02-19,
73,Arctic Monkeys,I Wanna Be Yours,191994,2026-02-19,
74,Batas Senja,Nanti Kita Seperti Ini,191344,2026-02-19,
75,Tyla,CHANEL,191299,2026-02-19,
76,"林明禎, Danny Koo, Tomato李明鸿, Phei Yong",Money Happy 都拿拿,186748,2026-02-19,
77,3P,时光大耳窿,186489,2026-02-19,
78,Insomniacks,Reminisensi,186050,2026-02-19,
79,Lyodra,Pesan Terakhir,183069,2026-02-19,
80,Andmesh,Anugerah Terindah,182882,2026-02-19,
81,Anuar Zain,Sedetik Lebih,180465,2026-02-19,
82,Hyper Act,Takkan Pergi,180418,2026-02-19,
83,LNGSHOT,Never Let Go,178460,2026-02-19,
84,Bruno Mars,That's What I Like,176594,2026-02-19,
85,Sabrina Carpenter,Manchild,176482,2026-02-19,
86,Hazama,Relakan Jiwa,174823,2026-02-19,
87,Cup of Joe,Multo,173486,2026-02-19,
88,Cakra Khan,Kekasih Bayangan,172609,2026-02-19,
89,"Jung Kook, Latto",Seven (feat. Latto) (Explicit Ver.),172326,2026-02-19,
90,Zara Larsson,Lush Life,171241,2026-02-19,
91,Luqman Faiz,Kepuraanmu,171134,2026-02-19,
92,"Rizky Febian, Adrian Khalif",Alamak,170473,2026-02-19,
93,Sufian Suhaimi,Di Matamu,169927,2026-02-19,
94,"Sean Kingston, Justin Bieber",Eenie Meenie,169537,2026-02-19,
95,Olivia Dean,Man I Need,169359,2026-02-19,
96,ROSÉ,number one girl,167529,2026-02-19,
97,"Maroon 5, Wiz Khalifa",Payphone,167390,2026-02-19,
98,SZA,Nobody Gets Me,166371,2026-02-19,
99,Bruno Mars,Talking to the Moon,165502,2026-02-19,
100,Gracie Abrams,That’s So True,165230,2026-02-19,
101,Zivilia,Aishiteru 2,165182,2026-02-19,
102,Iklim,Bukan Ku Tak Sudi,165090,2026-02-19,
103,SZA,Snooze,163748,2026-02-19,
104,"PinkPantheress, Zara Larsson",Stateside + Zara Larsson,162455,2026-02-19,
105,Mojo,Romancinta,162076,2026-02-19,
106,Hindia,everything u are,161918,2026-02-19,
107,1119,Omg新年到,161509,2026-02-19,
108,Daniel Caesar,Always,161367,2026-02-19,
109,Bruno Mars,Just the Way You Are,161066,2026-02-19,
110,Joji,SLOW DANCING IN THE DARK,160930,2026-02-19,
111,The 1975,About You,160925,2026-02-19,
112,"DJ Snake, Justin Bieber",Let Me Love You,160588,2026-02-19,
113,"Kendrick Lamar, SZA",luther (with sza),160377,2026-02-19,
114,Cigarettes After Sex,Cry,159267,2026-02-19,
115,RAYE,WHERE IS MY HUSBAND!,158907,2026-02-19,
116,SAMSONS,Kenangan Terindah,158107,2026-02-19,
117,Kehlani,Folded,158095,2026-02-19,
118,"Toton Caribo, Wizz Baker, Fresly Nikijuluw",Ngapain Repot,158068,2026-02-19,
119,d4vd,Here With Me,157910,2026-02-19,
120,CORTIS,FaSHioN,157908,2026-02-19,
121,"Daniel Caesar, H.E.R.",Best Part (feat. H.E.R.),157783,2026-02-19,
122,Khifnu,Merindumu lagi,157383,2026-02-19,
123,Mahalini,Bawa Dia Kembali,157328,2026-02-19,
124,"Zynakal, Zamir Harith, Mojack Hafiz, Bel Janni",Dalam Diam,157041,2026-02-19,
125,Reedzwann,Suarasi Sering Salah,156861,2026-02-19,
126,Charlie Puth,Attention,156800,2026-02-19,
127,Andra & The Backbone,Sempurna,156605,2026-02-19,
128,CORTIS,GO!,156591,2026-02-19,
129,Drama Band,Biarkanlah,155868,2026-02-19,
130,Marcell,Firasat,155766,2026-02-19,
131,"Ecko Show, Juan Reza, Chesylino",Orang Baru Lebe Gacor,155605,2026-02-19,
132,"钟盛忠, Stella Chung, 娃娃, 钟旭辉, 孙琪欢, 郑雪钧, 冯韦诚, 李永钧",新年好马,154599,2026-02-19,
133,James Arthur,Car's Outside,154027,2026-02-19,
134,Bruno Mars,When I Was Your Man,153768,2026-02-19,
135,"Zizan Razak, Kaka Azraff",Bawaku Pergi,153671,2026-02-19,
136,"Suara Kayu, Feby Putri",Kembali Pulang,152882,2026-02-19,
137,Noh Salleh,Rahsia Tuhan,152759,2026-02-19,
138,Justin Bieber,Sorry,152399,2026-02-19,
139,New West,Those Eyes,152275,2026-02-19,
140,"The Weeknd, Daft Punk",Starboy,151437,2026-02-19,
141,Ella,Sembilu,151423,2026-02-19,
142,Sal Priadi,Ada titik-titik di ujung doa,150930,2026-02-19,
143,Kerispatih,Mengenangmu,150918,2026-02-19,
144,Cigarettes After Sex,Apocalypse,150095,2026-02-19,
145,Cherpen,Pasti,149914,2026-02-19,
146,Hindia,Rumah Ke Rumah,149783,2026-02-19,
147,"Feby Putri, Fiersa Besari",Runtuh,148126,2026-02-19,
148,The Weeknd,Die For You,147017,2026-02-19,
149,Coldplay,Sparks,146826,2026-02-19,
150,"Kendrick Lamar, SZA","All The Stars (with SZA) - From ""Black Panther: The Album""",146776,2026-02-19,
151,"Justin Bieber, Chance the Rapper",Confident,145475,2026-02-19,
152,Nadhif Basalamah,jatuh cinta lagi,145344,2026-02-19,
153,yung kai,blue,144939,2026-02-19,
154,"ROSÉ, Bruno Mars",APT.,144072,2026-02-19,
155,Olivia Rodrigo,traitor,143963,2026-02-19,
156,Justin Bieber,Ghost,143863,2026-02-19,
157,Wali,Yank,143502,2026-02-19,
158,Noah,Separuh Aku,142985,2026-02-19,
159,Coldplay,Yellow,142965,2026-02-19,
160,The Walters,I Love You So,142939,2026-02-19,
161,Ruth B.,Dandelions,142901,2026-02-19,
162,Bruno Mars,Locked out of Heaven,142781,2026-02-19,
163,Fieya Julia,Perasaanku,142332,2026-02-19,
164,Raim Laode,Komang,142298,2026-02-19,
165,Dhruv,double take,142125,2026-02-19,
166,Black,Sofea Jane,142051,2026-02-19,
167,MY ASTRO,大团圆,142046,2026-02-19,
168,Jinbara,Kasihnya Laila,141655,2026-02-19,
169,Fabio Asher,Rumah Singgah,141504,2026-02-19,
170,IamNeeta,Sakit,141296,2026-02-19,
171,Afgan,Jodoh Pasti Bertemu,140337,2026-02-19,
172,IVE,BANG BANG,139995,2026-02-19,
173,The Marías,Sienna,139609,2026-02-19,
174,Radiohead,Let Down,139576,2026-02-19,
175,HWASA,Good Goodbye,139480,2026-02-19,
176,Ed Sheeran,Perfect,139079,2026-02-19,
177,Exists,Alasanmu,138631,2026-02-19,
178,"B.o.B, Bruno Mars",Nothin' on You (feat. Bruno Mars),137858,2026-02-19,
179,For Revenge,Serana,137834,2026-02-19,
180,Exist,Rahsia Pohon Cemara,137708,2026-02-19,
181,"Dato' Sri Siti Nurhaliza, Ade Govinda",Menamakanmu Cinta,137517,2026-02-19,
182,Taylor Swift,Style,137465,2026-02-19,
183,Sufian Suhaimi,Terakhir,137380,2026-02-19,
184,"Dato' Sri Siti Nurhaliza, Cakra Khan",Seluruh Cinta,137249,2026-02-19,
185,Madison Beer,Reckless,137209,2026-02-19,
186,Alyah,Sesal Separuh Nyawa,136984,2026-02-19,
187,Ed Sheeran,Photograph,136799,2026-02-19,
188,Lana Del Rey,Young And Beautiful,135986,2026-02-19,
189,BLACKPINK,JUMP,134999,2026-02-19,
190,Hyper Act,Kasih,134872,2026-02-19,
191,Henry Moodie,drunk text,134839,2026-02-19,
192,Repvblik,Sandiwara Cinta,134527,2026-02-19,
193,"Justin Bieber, Nicki Minaj",Beauty And A Beat,134374,2026-02-19,
194,Justin Bieber,Love Yourself,133581,2026-02-19,
195,Armada,Asal Kau Bahagia,133161,2026-02-19,
196,Judika,Aku Yang Tersakiti,133151,2026-02-19,
197,Zivilia,Aishiteru,133105,2026-02-19,
198,Nadin Amizah,Di Akhir Perang,132787,2026-02-19,
199,Sabrina Carpenter,Espresso,132784,2026-02-19,
200,Sofaz,Dan Bila Esok,132716,2026-02-19,
1,Nadhif Basalamah,kota ini tak sama tanpamu,761748,2026-02-19,
2,Idgitaf,Sedia Aku Sebelum Hujan,692439,2026-02-19,
3,Nadhif Basalamah,bergema sampai selamanya,572029,2026-02-19,
4,SIENNA SPIRO,Die On This Hill,505250,2026-02-19,
5,Taylor Swift,The Fate of Ophelia,458159,2026-02-19,
6,Jin,Don’t Say You Love Me,419485,2026-02-19,
7,sombr,back to friends,404268,2026-02-19,
8,"Silet Open Up, Jacson Seran, Juan Reza, Diva Aurel",TABOLA BALE,388263,2026-02-19,
9,"Nadhif Basalamah, Aziz Harun, Aisha Retno",kota ini tak sama tanpamu (with Aziz Harun & Aisha Retno),386138,2026-02-19,
10,Naykilla,SO ASU,381505,2026-02-19,
11,Billie Eilish,WILDFLOWER,381029,2026-02-19,
12,Piche Kota,Bahagia Lagi,376582,2026-02-19,
13,1119,福气马上来,366954,2026-02-19,
14,Alpha,P Ramlee Saloma,359601,2026-02-19,
15,Madison Beer,bittersweet,358862,2026-02-19,
16,Djo,End of Beginning,345876,2026-02-19,
17,Hafiz Suip,Bahagiamu Deritaku,345103,2026-02-19,
18,Nadhif Basalamah,penjaga hati,339263,2026-02-19,
19,Hyper Act,Hanya Aku,336915,2026-02-19,
20,Olivia Dean,So Easy (To Fall In Love),327800,2026-02-19,
21,KATSEYE,Gabriela,323967,2026-02-19,
22,"Tenxi, Suisei, Jemsii",mejikuhibiniu,320512,2026-02-19,
23,"Akbar Chalay, Zynakal, ciloqciliq",Ngga Dulu,318466,2026-02-19,
24,Billie Eilish,BIRDS OF A FEATHER,310473,2026-02-19,
25,She & Him,I Thought I Saw Your Face Today,308489,2026-02-19,
26,"Fourtwnty, Charita Utami",Mangu,305538,2026-02-19,
27,Daniel Caesar,Who Knows,293083,2026-02-19,
28,"Tenxi, Jemsii",Bintang 5,289835,2026-02-19,
29,Sheila On 7,Dan...,288315,2026-02-19,
30,"Naykilla, Tenxi, Jemsii",Kasih Aba Aba,287531,2026-02-19,
31,JENNIE,like JENNIE,285410,2026-02-19,
32,"HUNTR/X, EJAE, AUDREY NUNA, REI AMI, KPop Demon Hunters Cast",Golden,276844,2026-02-19,
33,"Lady Gaga, Bruno Mars",Die With A Smile,274835,2026-02-19,
34,Ravyn Lenae,Love Me Not,269667,2026-02-19,
35,Bad Bunny,DtMF,269097,2026-02-19,
36,Anggis Devaki,Dirimu Yang Dulu,263792,2026-02-19,
37,"The Weeknd, JENNIE, Lily-Rose Depp","One Of The Girls (with JENNIE, Lily Rose Depp)",260206,2026-02-19,
38,"Dave, Tems",Raindance (feat. Tems),255449,2026-02-19,
39,Rombongan Bodonk Koplo,Kasih Tau Mama (Malam Minggu),254158,2026-02-19,
40,Pamungkas,Monolog,252631,2026-02-19,
41,ALYPH,Ingat,250055,2026-02-19,
42,dia,EEEE A,244269,2026-02-19,
43,"Tenxi, Naykilla, Jemsii",Garam & Madu (Sakit Dadaku),238639,2026-02-19,
44,Budak Kacamata,Bintang,234744,2026-02-19,
45,"薛家燕, Jaspers Lai, 3P",HORSEH,234268,2026-02-19,
46,ILLIT,NOT CUTE ANYMORE,228280,2026-02-19,
47,Ara Johari,Menjaga Jodoh Orang Lain,227887,2026-02-19,
48,Ariana Grande,we can't be friends (wait for your love),224801,2026-02-19,
49,"Danny Koo, Jasmine C, Chris 官杰皓, Miki咏瑄, Janelle Jiahuii",你好我好新年好,217349,2026-02-19,
50,Bruno Mars,It Will Rain,213480,2026-02-19,
51,Insomniacks,Sempurna,212441,2026-02-19,
52,Lana Del Rey,Cinnamon Girl,211234,2026-02-19,
53,LNGSHOT,Moonwalkin',210173,2026-02-19,
54,Gigi Perez,Sailor Song,209678,2026-02-19,
55,The Marías,No One Noticed,209498,2026-02-19,
56,"dia, Tenxi",SENCY,205072,2026-02-19,
57,Raim Laode,Lesung Pipi,204294,2026-02-19,
58,Taylor Swift,Opalite,203772,2026-02-19,
59,Natasya Sabella,Menerima Luka,203709,2026-02-19,
60,Nuca,"Masa ini, Nanti, dan Masa Indah Lainnya",202475,2026-02-19,
61,"Charlie Puth, Selena Gomez",We Don't Talk Anymore (feat. Selena Gomez),200903,2026-02-19,
62,"Rombongan Bodonk Koplo, Ncum",Calon Mantu Idaman (feat. Ncum),200868,2026-02-19,
63,D’MASIV,Cinta Ini Membunuhku,200044,2026-02-19,
64,DJ Xen,DJ SO ASU – Pelukan Yang Hangat,197717,2026-02-19,
65,The Script,The Man Who Can't Be Moved,197692,2026-02-19,
66,One Direction,Night Changes,194348,2026-02-19,
67,The Lantis,Bunga Maaf,193785,2026-02-19,
68,Kerispatih,Tapi Bukan Aku,193547,2026-02-19,
69,Hyper Act,Harapan,192939,2026-02-19,
70,Seventeen,Untuk Mencintaimu,192369,2026-02-19,
71,Batas Senja,Kita Usahakan Lagi,192156,2026-02-19,
72,Insomniacks,Pulang,192128,2026-02-19,
73,Arctic Monkeys,I Wanna Be Yours,191994,2026-02-19,
74,Batas Senja,Nanti Kita Seperti Ini,191344,2026-02-19,
75,Tyla,CHANEL,191299,2026-02-19,
76,"林明禎, Danny Koo, Tomato李明鸿, Phei Yong",Money Happy 都拿拿,186748,2026-02-19,
77,3P,时光大耳窿,186489,2026-02-19,
78,Insomniacks,Reminisensi,186050,2026-02-19,
79,Lyodra,Pesan Terakhir,183069,2026-02-19,
80,Andmesh,Anugerah Terindah,182882,2026-02-19,
81,Anuar Zain,Sedetik Lebih,180465,2026-02-19,
82,Hyper Act,Takkan Pergi,180418,2026-02-19,
83,LNGSHOT,Never Let Go,178460,2026-02-19,
84,Bruno Mars,That's What I Like,176594,2026-02-19,
85,Sabrina Carpenter,Manchild,176482,2026-02-19,
86,Hazama,Relakan Jiwa,174823,2026-02-19,
87,Cup of Joe,Multo,173486,2026-02-19,
88,Cakra Khan,Kekasih Bayangan,172609,2026-02-19,
89,"Jung Kook, Latto",Seven (feat. Latto) (Explicit Ver.),172326,2026-02-19,
90,Zara Larsson,Lush Life,171241,2026-02-19,
91,Luqman Faiz,Kepuraanmu,171134,2026-02-19,
92,"Rizky Febian, Adrian Khalif",Alamak,170473,2026-02-19,
93,Sufian Suhaimi,Di Matamu,169927,2026-02-19,
94,"Sean Kingston, Justin Bieber",Eenie Meenie,169537,2026-02-19,
95,Olivia Dean,Man I Need,169359,2026-02-19,
96,ROSÉ,number one girl,167529,2026-02-19,
97,"Maroon 5, Wiz Khalifa",Payphone,167390,2026-02-19,
98,SZA,Nobody Gets Me,166371,2026-02-19,
99,Bruno Mars,Talking to the Moon,165502,2026-02-19,
100,Gracie Abrams,That’s So True,165230,2026-02-19,
101,Zivilia,Aishiteru 2,165182,2026-02-19,
102,Iklim,Bukan Ku Tak Sudi,165090,2026-02-19,
103,SZA,Snooze,163748,2026-02-19,
104,"PinkPantheress, Zara Larsson",Stateside + Zara Larsson,162455,2026-02-19,
105,Mojo,Romancinta,162076,2026-02-19,
106,Hindia,everything u are,161918,2026-02-19,
107,1119,Omg新年到,161509,2026-02-19,
108,Daniel Caesar,Always,161367,2026-02-19,
109,Bruno Mars,Just the Way You Are,161066,2026-02-19,
110,Joji,SLOW DANCING IN THE DARK,160930,2026-02-19,
111,The 1975,About You,160925,2026-02-19,
112,"DJ Snake, Justin Bieber",Let Me Love You,160588,2026-02-19,
113,"Kendrick Lamar, SZA",luther (with sza),160377,2026-02-19,
114,Cigarettes After Sex,Cry,159267,2026-02-19,
115,RAYE,WHERE IS MY HUSBAND!,158907,2026-02-19,
116,SAMSONS,Kenangan Terindah,158107,2026-02-19,
117,Kehlani,Folded,158095,2026-02-19,
118,"Toton Caribo, Wizz Baker, Fresly Nikijuluw",Ngapain Repot,158068,2026-02-19,
119,d4vd,Here With Me,157910,2026-02-19,
120,CORTIS,FaSHioN,157908,2026-02-19,
121,"Daniel Caesar, H.E.R.",Best Part (feat. H.E.R.),157783,2026-02-19,
122,Khifnu,Merindumu lagi,157383,2026-02-19,
123,Mahalini,Bawa Dia Kembali,157328,2026-02-19,
124,"Zynakal, Zamir Harith, Mojack Hafiz, Bel Janni",Dalam Diam,157041,2026-02-19,
125,Reedzwann,Suarasi Sering Salah,156861,2026-02-19,
126,Charlie Puth,Attention,156800,2026-02-19,
127,Andra & The Backbone,Sempurna,156605,2026-02-19,
128,CORTIS,GO!,156591,2026-02-19,
129,Drama Band,Biarkanlah,155868,2026-02-19,
130,Marcell,Firasat,155766,2026-02-19,
131,"Ecko Show, Juan Reza, Chesylino",Orang Baru Lebe Gacor,155605,2026-02-19,
132,"钟盛忠, Stella Chung, 娃娃, 钟旭辉, 孙琪欢, 郑雪钧, 冯韦诚, 李永钧",新年好马,154599,2026-02-19,
133,James Arthur,Car's Outside,154027,2026-02-19,
134,Bruno Mars,When I Was Your Man,153768,2026-02-19,
135,"Zizan Razak, Kaka Azraff",Bawaku Pergi,153671,2026-02-19,
136,"Suara Kayu, Feby Putri",Kembali Pulang,152882,2026-02-19,
137,Noh Salleh,Rahsia Tuhan,152759,2026-02-19,
138,Justin Bieber,Sorry,152399,2026-02-19,
139,New West,Those Eyes,152275,2026-02-19,
140,"The Weeknd, Daft Punk",Starboy,151437,2026-02-19,
141,Ella,Sembilu,151423,2026-02-19,
142,Sal Priadi,Ada titik-titik di ujung doa,150930,2026-02-19,
143,Kerispatih,Mengenangmu,150918,2026-02-19,
144,Cigarettes After Sex,Apocalypse,150095,2026-02-19,
145,Cherpen,Pasti,149914,2026-02-19,
146,Hindia,Rumah Ke Rumah,149783,2026-02-19,
147,"Feby Putri, Fiersa Besari",Runtuh,148126,2026-02-19,
148,The Weeknd,Die For You,147017,2026-02-19,
149,Coldplay,Sparks,146826,2026-02-19,
150,"Kendrick Lamar, SZA","All The Stars (with SZA) - From ""Black Panther: The Album""",146776,2026-02-19,
151,"Justin Bieber, Chance the Rapper",Confident,145475,2026-02-19,
152,Nadhif Basalamah,jatuh cinta lagi,145344,2026-02-19,
153,yung kai,blue,144939,2026-02-19,
154,"ROSÉ, Bruno Mars",APT.,144072,2026-02-19,
155,Olivia Rodrigo,traitor,143963,2026-02-19,
156,Justin Bieber,Ghost,143863,2026-02-19,
157,Wali,Yank,143502,2026-02-19,
158,Noah,Separuh Aku,142985,2026-02-19,
159,Coldplay,Yellow,142965,2026-02-19,
160,The Walters,I Love You So,142939,2026-02-19,
161,Ruth B.,Dandelions,142901,2026-02-19,
162,Bruno Mars,Locked out of Heaven,142781,2026-02-19,
163,Fieya Julia,Perasaanku,142332,2026-02-19,
164,Raim Laode,Komang,142298,2026-02-19,
165,Dhruv,double take,142125,2026-02-19,
166,Black,Sofea Jane,142051,2026-02-19,
167,MY ASTRO,大团圆,142046,2026-02-19,
168,Jinbara,Kasihnya Laila,141655,2026-02-19,
169,Fabio Asher,Rumah Singgah,141504,2026-02-19,
170,IamNeeta,Sakit,141296,2026-02-19,
171,Afgan,Jodoh Pasti Bertemu,140337,2026-02-19,
172,IVE,BANG BANG,139995,2026-02-19,
173,The Marías,Sienna,139609,2026-02-19,
174,Radiohead,Let Down,139576,2026-02-19,
175,HWASA,Good Goodbye,139480,2026-02-19,
176,Ed Sheeran,Perfect,139079,2026-02-19,
177,Exists,Alasanmu,138631,2026-02-19,
178,"B.o.B, Bruno Mars",Nothin' on You (feat. Bruno Mars),137858,2026-02-19,
179,For Revenge,Serana,137834,2026-02-19,
180,Exist,Rahsia Pohon Cemara,137708,2026-02-19,
181,"Dato' Sri Siti Nurhaliza, Ade Govinda",Menamakanmu Cinta,137517,2026-02-19,
182,Taylor Swift,Style,137465,2026-02-19,
183,Sufian Suhaimi,Terakhir,137380,2026-02-19,
184,"Dato' Sri Siti Nurhaliza, Cakra Khan",Seluruh Cinta,137249,2026-02-19,
185,Madison Beer,Reckless,137209,2026-02-19,
186,Alyah,Sesal Separuh Nyawa,136984,2026-02-19,
187,Ed Sheeran,Photograph,136799,2026-02-19,
188,Lana Del Rey,Young And Beautiful,135986,2026-02-19,
189,BLACKPINK,JUMP,134999,2026-02-19,
190,Hyper Act,Kasih,134872,2026-02-19,
191,Henry Moodie,drunk text,134839,2026-02-19,
192,Repvblik,Sandiwara Cinta,134527,2026-02-19,
193,"Justin Bieber, Nicki Minaj",Beauty And A Beat,134374,2026-02-19,
194,Justin Bieber,Love Yourself,133581,2026-02-19,
195,Armada,Asal Kau Bahagia,133161,2026-02-19,
196,Judika,Aku Yang Tersakiti,133151,2026-02-19,
197,Zivilia,Aishiteru,133105,2026-02-19,
198,Nadin Amizah,Di Akhir Perang,132787,2026-02-19,
199,Sabrina Carpenter,Espresso,132784,2026-02-19,
200,Sofaz,Dan Bila Esok,132716,2026-02-19,
